parent_label,label,video_path,include_50,archive,archive_url,split
Animals,1. Dog,Animals/1. Dog/MVI_3060.MOV,True,Animals_1of2.zip,https://zenodo.org/api/records/4010759/files/Animals_1of2.zip/content,train
Animals,1. Dog,Animals/1. Dog/MVI_3059.MOV,True,Animals_1of2.zip,https://zenodo.org/api/records/4010759/files/Animals_1of2.zip/content,train
Animals,1. Dog,Animals/1. Dog/MVI_3085.MOV,True,Animals_1of2.zip,https://zenodo.org/api/records/4010759/files/Animals_1of2.zip/content,train
Animals,1. Dog,Animals/1. Dog/MVI_3030.MOV,True,Animals_1of2.zip,https://zenodo.org/api/records/4010759/files/Animals_1of2.zip/content,train
Animals,1. Dog,Animals/1. Dog/MVI_4146.MOV,True,Animals_1of2.zip,https://zenodo.org/api/records/4010759/files/Animals_1of2.zip/content,train
Animals,1. Dog,Animals/1. Dog/MVI_2978.MOV,True,Animals_1of2.zip,https://zenodo.org/api/records/4010759/files/Animals_1of2.zip/content,train
Animals,1. Dog,Animals/1. Dog/MVI_3061.MOV,True,Animals_1of2.zip,https://zenodo.org/api/records/4010759/files/Animals_1of2.zip/content,train
Animals,1. Dog,Animals/1. Dog/MVI_3029.MOV,True,Animals_1of2.zip,https://zenodo.org/api/records/4010759/files/Animals_1of2.zip/content,train
Animals,1. Dog,Animals/1. Dog/MVI_3086.MOV,True,Animals_1of2.zip,https://zenodo.org/api/records/4010759/files/Animals_1of2.zip/content,train
Animals,1. Dog,Animals/1. Dog/MVI_3087.MOV,True,Animals_1of2.zip,https://zenodo.org/api/records/4010759/files/Animals_1of2.zip/content,train
Animals,1. Dog,Animals/1. Dog/MVI_2979.MOV,True,Animals_1of2.zip,https://zenodo.org/api/records/4010759/files/Animals_1of2.zip/content,val
Animals,1. Dog,Animals/1. Dog/MVI_3002.MOV,True,Animals_1of2.zip,https://zenodo.org/api/records/4010759/files/Animals_1of2.zip/content,val
Animals,1. Dog,Animals/1. Dog/MVI_2980.MOV,True,Animals_1of2.zip,https://zenodo.org/api/records/4010759/files/Animals_1of2.zip/content,val
Adjectives,1. loud,Adjectives/1. loud/MVI_9448.MOV,True,Adjectives_1of8.zip,https://zenodo.org/api/records/4010759/files/Adjectives_1of8.zip/content,train
Adjectives,1. loud,Adjectives/1. loud/MVI_5335.MOV,True,Adjectives_1of8.zip,https://zenodo.org/api/records/4010759/files/Adjectives_1of8.zip/content,train
Adjectives,1. loud,Adjectives/1. loud/MVI_9535.MOV,True,Adjectives_1of8.zip,https://zenodo.org/api/records/4010759/files/Adjectives_1of8.zip/content,train
Adjectives,1. loud,Adjectives/1. loud/MVI_5336.MOV,True,Adjectives_1of8.zip,https://zenodo.org/api/records/4010759/files/Adjectives_1of8.zip/content,train
Adjectives,1. loud,Adjectives/1. loud/MVI_9291.MOV,True,Adjectives_1of8.zip,https://zenodo.org/api/records/4010759/files/Adjectives_1of8.zip/content,train
Adjectives,1. loud,Adjectives/1. loud/MVI_9536.MOV,True,Adjectives_1of8.zip,https://zenodo.org/api/records/4010759/files/Adjectives_1of8.zip/content,train
Adjectives,1. loud,Adjectives/1. loud/MVI_9290.MOV,True,Adjectives_1of8.zip,https://zenodo.org/api/records/4010759/files/Adjectives_1of8.zip/content,train
Adjectives,1. loud,Adjectives/1. loud/MVI_9369.MOV,True,Adjectives_1of8.zip,https://zenodo.org/api/records/4010759/files/Adjectives_1of8.zip/content,train
Adjectives,1. loud,Adjectives/1. loud/MVI_5258.MOV,True,Adjectives_1of8.zip,https://zenodo.org/api/records/4010759/files/Adjectives_1of8.zip/content,train
Adjectives,1. loud,Adjectives/1. loud/MVI_5177.MOV,True,Adjectives_1of8.zip,https://zenodo.org/api/records/4010759/files/Adjectives_1of8.zip/content,train
Adjectives,1. loud,Adjectives/1. loud/MVI_9368.MOV,True,Adjectives_1of8.zip,https://zenodo.org/api/records/4010759/files/Adjectives_1of8.zip/content,val
Adjectives,1. loud,Adjectives/1. loud/MVI_5337.MOV,True,Adjectives_1of8.zip,https://zenodo.org/api/records/4010759/files/Adjectives_1of8.zip/content,val
Adjectives,1. loud,Adjectives/1. loud/MVI_5259.MOV,True,Adjectives_1of8.zip,https://zenodo.org/api/records/4010759/files/Adjectives_1of8.zip/content,val
Means_of_Transportation,11. Car,Means_of_Transportation/11. Car/MVI_4177.MOV,True,Means_of_Transportation_1of2.zip,https://zenodo.org/api/records/4010759/files/Means_of_Transportation_1of2.zip/content,train
Means_of_Transportation,11. Car,Means_of_Transportation/11. Car/MVI_3238.MOV,True,Means_of_Transportation_1of2.zip,https://zenodo.org/api/records/4010759/files/Means_of_Transportation_1of2.zip/content,train
Means_of_Transportation,11. Car,Means_of_Transportation/11. Car/MVI_3209.MOV,True,Means_of_Transportation_1of2.zip,https://zenodo.org/api/records/4010759/files/Means_of_Transportation_1of2.zip/content,train
Means_of_Transportation,11. Car,Means_of_Transportation/11. Car/MVI_4176.MOV,True,Means_of_Transportation_1of2.zip,https://zenodo.org/api/records/4010759/files/Means_of_Transportation_1of2.zip/content,train
Means_of_Transportation,11. Car,Means_of_Transportation/11. Car/MVI_3146.MOV,True,Means_of_Transportation_1of2.zip,https://zenodo.org/api/records/4010759/files/Means_of_Transportation_1of2.zip/content,train
Means_of_Transportation,11. Car,Means_of_Transportation/11. Car/MVI_3210.MOV,True,Means_of_Transportation_1of2.zip,https://zenodo.org/api/records/4010759/files/Means_of_Transportation_1of2.zip/content,train
Means_of_Transportation,11. Car,Means_of_Transportation/11. Car/MVI_3116.MOV,True,Means_of_Transportation_1of2.zip,https://zenodo.org/api/records/4010759/files/Means_of_Transportation_1of2.zip/content,train
Means_of_Transportation,11. Car,Means_of_Transportation/11. Car/MVI_3174.MOV,True,Means_of_Transportation_1of2.zip,https://zenodo.org/api/records/4010759/files/Means_of_Transportation_1of2.zip/content,train
Means_of_Transportation,11. Car,Means_of_Transportation/11. Car/MVI_3117.MOV,True,Means_of_Transportation_1of2.zip,https://zenodo.org/api/records/4010759/files/Means_of_Transportation_1of2.zip/content,train
Means_of_Transportation,11. Car,Means_of_Transportation/11. Car/MVI_8584.MP4,True,Means_of_Transportation_1of2.zip,https://zenodo.org/api/records/4010759/files/Means_of_Transportation_1of2.zip/content,train
Means_of_Transportation,11. Car,Means_of_Transportation/11. Car/MVI_3147.MOV,True,Means_of_Transportation_1of2.zip,https://zenodo.org/api/records/4010759/files/Means_of_Transportation_1of2.zip/content,val
Means_of_Transportation,11. Car,Means_of_Transportation/11. Car/MVI_3176.MOV,True,Means_of_Transportation_1of2.zip,https://zenodo.org/api/records/4010759/files/Means_of_Transportation_1of2.zip/content,val
Means_of_Transportation,11. Car,Means_of_Transportation/11. Car/MVI_3239.MOV,True,Means_of_Transportation_1of2.zip,https://zenodo.org/api/records/4010759/files/Means_of_Transportation_1of2.zip/content,val
Society,14. Election,Society/14. Election/MVI_4841.MOV,True,Society_2of3.zip,https://zenodo.org/api/records/4010759/files/Society_2of3.zip/content,train
Society,14. Election,Society/14. Election/MVI_8712.MP4,True,Society_2of3.zip,https://zenodo.org/api/records/4010759/files/Society_2of3.zip/content,train
Society,14. Election,Society/14. Election/MVI_4307.MOV,True,Society_2of3.zip,https://zenodo.org/api/records/4010759/files/Society_2of3.zip/content,train
Society,14. Election,Society/14. Election/MVI_4304.MOV,True,Society_2of3.zip,https://zenodo.org/api/records/4010759/files/Society_2of3.zip/content,train
Society,14. Election,Society/14. Election/MVI_8968.MP4,True,Society_2of3.zip,https://zenodo.org/api/records/4010759/files/Society_2of3.zip/content,train
Society,14. Election,Society/14. Election/MVI_4839.MOV,True,Society_2of3.zip,https://zenodo.org/api/records/4010759/files/Society_2of3.zip/content,train
Society,14. Election,Society/14. Election/MVI_8711.MP4,True,Society_2of3.zip,https://zenodo.org/api/records/4010759/files/Society_2of3.zip/content,train
Society,14. Election,Society/14. Election/MVI_8967.MP4,True,Society_2of3.zip,https://zenodo.org/api/records/4010759/files/Society_2of3.zip/content,train
Society,14. Election,Society/14. Election/MVI_4840.MOV,True,Society_2of3.zip,https://zenodo.org/api/records/4010759/files/Society_2of3.zip/content,train
Society,14. Election,Society/14. Election/MVI_8710.MP4,True,Society_2of3.zip,https://zenodo.org/api/records/4010759/files/Society_2of3.zip/content,train
Society,14. Election,Society/14. Election/MVI_8969.MP4,True,Society_2of3.zip,https://zenodo.org/api/records/4010759/files/Society_2of3.zip/content,val
Society,14. Election,Society/14. Election/MVI_8713.MP4,True,Society_2of3.zip,https://zenodo.org/api/records/4010759/files/Society_2of3.zip/content,val
Society,14. Election,Society/14. Election/MVI_4305.MOV,True,Society_2of3.zip,https://zenodo.org/api/records/4010759/files/Society_2of3.zip/content,val
Means_of_Transportation,16. train ticket,Means_of_Transportation/16. train ticket/MVI_8596.MP4,True,Means_of_Transportation_2of2.zip,https://zenodo.org/api/records/4010759/files/Means_of_Transportation_2of2.zip/content,train
Means_of_Transportation,16. train ticket,Means_of_Transportation/16. train ticket/MVI_3197.MOV,True,Means_of_Transportation_2of2.zip,https://zenodo.org/api/records/4010759/files/Means_of_Transportation_2of2.zip/content,train
Means_of_Transportation,16. train ticket,Means_of_Transportation/16. train ticket/MVI_3132.MOV,True,Means_of_Transportation_2of2.zip,https://zenodo.org/api/records/4010759/files/Means_of_Transportation_2of2.zip/content,train
Means_of_Transportation,16. train ticket,Means_of_Transportation/16. train ticket/MVI_3196.MOV,True,Means_of_Transportation_2of2.zip,https://zenodo.org/api/records/4010759/files/Means_of_Transportation_2of2.zip/content,train
Means_of_Transportation,16. train ticket,Means_of_Transportation/16. train ticket/MVI_3164.MOV,True,Means_of_Transportation_2of2.zip,https://zenodo.org/api/records/4010759/files/Means_of_Transportation_2of2.zip/content,train
Means_of_Transportation,16. train ticket,Means_of_Transportation/16. train ticket/MVI_3254.MOV,True,Means_of_Transportation_2of2.zip,https://zenodo.org/api/records/4010759/files/Means_of_Transportation_2of2.zip/content,train
Means_of_Transportation,16. train ticket,Means_of_Transportation/16. train ticket/MVI_3224.MOV,True,Means_of_Transportation_2of2.zip,https://zenodo.org/api/records/4010759/files/Means_of_Transportation_2of2.zip/content,train
Means_of_Transportation,16. train ticket,Means_of_Transportation/16. train ticket/MVI_4191.MOV,True,Means_of_Transportation_2of2.zip,https://zenodo.org/api/records/4010759/files/Means_of_Transportation_2of2.zip/content,train
Means_of_Transportation,16. train ticket,Means_of_Transportation/16. train ticket/MVI_4193.MOV,True,Means_of_Transportation_2of2.zip,https://zenodo.org/api/records/4010759/files/Means_of_Transportation_2of2.zip/content,train
Means_of_Transportation,16. train ticket,Means_of_Transportation/16. train ticket/MVI_3253.MOV,True,Means_of_Transportation_2of2.zip,https://zenodo.org/api/records/4010759/files/Means_of_Transportation_2of2.zip/content,train
Means_of_Transportation,16. train ticket,Means_of_Transportation/16. train ticket/MVI_8597.MP4,True,Means_of_Transportation_2of2.zip,https://zenodo.org/api/records/4010759/files/Means_of_Transportation_2of2.zip/content,val
Means_of_Transportation,16. train ticket,Means_of_Transportation/16. train ticket/MVI_3134.MOV,True,Means_of_Transportation_2of2.zip,https://zenodo.org/api/records/4010759/files/Means_of_Transportation_2of2.zip/content,val
Means_of_Transportation,16. train ticket,Means_of_Transportation/16. train ticket/MVI_3133.MOV,True,Means_of_Transportation_2of2.zip,https://zenodo.org/api/records/4010759/files/Means_of_Transportation_2of2.zip/content,val
Places,19. House,Places/19. House/MVI_3515.MOV,True,Places_1of4.zip,https://zenodo.org/api/records/4010759/files/Places_1of4.zip/content,train
Places,19. House,Places/19. House/MVI_3436.MOV,True,Places_1of4.zip,https://zenodo.org/api/records/4010759/files/Places_1of4.zip/content,train
Places,19. House,Places/19. House/MVI_3438.MOV,True,Places_1of4.zip,https://zenodo.org/api/records/4010759/files/Places_1of4.zip/content,train
Places,19. House,Places/19. House/MVI_3594.MOV,True,Places_1of4.zip,https://zenodo.org/api/records/4010759/files/Places_1of4.zip/content,train
Places,19. House,Places/19. House/MVI_3349.MOV,True,Places_1of4.zip,https://zenodo.org/api/records/4010759/files/Places_1of4.zip/content,train
Places,19. House,Places/19. House/MVI_3435.MOV,True,Places_1of4.zip,https://zenodo.org/api/records/4010759/files/Places_1of4.zip/content,train
Places,19. House,Places/19. House/MVI_3267.MOV,True,Places_1of4.zip,https://zenodo.org/api/records/4010759/files/Places_1of4.zip/content,train
Places,19. House,Places/19. House/MVI_3596.MOV,True,Places_1of4.zip,https://zenodo.org/api/records/4010759/files/Places_1of4.zip/content,train
Places,19. House,Places/19. House/MVI_3593.MOV,True,Places_1of4.zip,https://zenodo.org/api/records/4010759/files/Places_1of4.zip/content,train
Places,19. House,Places/19. House/MVI_3268.MOV,True,Places_1of4.zip,https://zenodo.org/api/records/4010759/files/Places_1of4.zip/content,train
Places,19. House,Places/19. House/MVI_3595.MOV,True,Places_1of4.zip,https://zenodo.org/api/records/4010759/files/Places_1of4.zip/content,val
Places,19. House,Places/19. House/MVI_3437.MOV,True,Places_1of4.zip,https://zenodo.org/api/records/4010759/files/Places_1of4.zip/content,val
Places,19. House,Places/19. House/MVI_3350.MOV,True,Places_1of4.zip,https://zenodo.org/api/records/4010759/files/Places_1of4.zip/content,val
Society,2. Death,Society/2. Death/MVI_4256.MOV,True,Society_1of3.zip,https://zenodo.org/api/records/4010759/files/Society_1of3.zip/content,train
Society,2. Death,Society/2. Death/MVI_8931.MP4,True,Society_1of3.zip,https://zenodo.org/api/records/4010759/files/Society_1of3.zip/content,train
Society,2. Death,Society/2. Death/MVI_4257.MOV,True,Society_1of3.zip,https://zenodo.org/api/records/4010759/files/Society_1of3.zip/content,train
Society,2. Death,Society/2. Death/MVI_4255.MOV,True,Society_1of3.zip,https://zenodo.org/api/records/4010759/files/Society_1of3.zip/content,train
Society,2. Death,Society/2. Death/MVI_4802.MOV,True,Society_1of3.zip,https://zenodo.org/api/records/4010759/files/Society_1of3.zip/content,train
Society,2. Death,Society/2. Death/MVI_8661.MP4,True,Society_1of3.zip,https://zenodo.org/api/records/4010759/files/Society_1of3.zip/content,train
Society,2. Death,Society/2. Death/MVI_8932.MP4,True,Society_1of3.zip,https://zenodo.org/api/records/4010759/files/Society_1of3.zip/content,train
Society,2. Death,Society/2. Death/MVI_4800.MOV,True,Society_1of3.zip,https://zenodo.org/api/records/4010759/files/Society_1of3.zip/content,train
Society,2. Death,Society/2. Death/MVI_8662.MP4,True,Society_1of3.zip,https://zenodo.org/api/records/4010759/files/Society_1of3.zip/content,train
Society,2. Death,Society/2. Death/MVI_8930.MP4,True,Society_1of3.zip,https://zenodo.org/api/records/4010759/files/Society_1of3.zip/content,train
Society,2. Death,Society/2. Death/MVI_4801.MOV,True,Society_1of3.zip,https://zenodo.org/api/records/4010759/files/Society_1of3.zip/content,val
Society,2. Death,Society/2. Death/MVI_8664.MP4,True,Society_1of3.zip,https://zenodo.org/api/records/4010759/files/Society_1of3.zip/content,val
Society,2. Death,Society/2. Death/MVI_4258.MOV,True,Society_1of3.zip,https://zenodo.org/api/records/4010759/files/Society_1of3.zip/content,val
Adjectives,2. quiet,Adjectives/2. quiet/MVI_5338.MOV,True,Adjectives_1of8.zip,https://zenodo.org/api/records/4010759/files/Adjectives_1of8.zip/content,train
Adjectives,2. quiet,Adjectives/2. quiet/MVI_9453.MOV,True,Adjectives_1of8.zip,https://zenodo.org/api/records/4010759/files/Adjectives_1of8.zip/content,train
Adjectives,2. quiet,Adjectives/2. quiet/MVI_5261.MOV,True,Adjectives_1of8.zip,https://zenodo.org/api/records/4010759/files/Adjectives_1of8.zip/content,train
Adjectives,2. quiet,Adjectives/2. quiet/MVI_9452.MOV,True,Adjectives_1of8.zip,https://zenodo.org/api/records/4010759/files/Adjectives_1of8.zip/content,train
Adjectives,2. quiet,Adjectives/2. quiet/MVI_5182.MOV,True,Adjectives_1of8.zip,https://zenodo.org/api/records/4010759/files/Adjectives_1of8.zip/content,train
Adjectives,2. quiet,Adjectives/2. quiet/MVI_9539.MOV,True,Adjectives_1of8.zip,https://zenodo.org/api/records/4010759/files/Adjectives_1of8.zip/content,train
Adjectives,2. quiet,Adjectives/2. quiet/MVI_5339.MOV,True,Adjectives_1of8.zip,https://zenodo.org/api/records/4010759/files/Adjectives_1of8.zip/content,train
Adjectives,2. quiet,Adjectives/2. quiet/MVI_5262.MOV,True,Adjectives_1of8.zip,https://zenodo.org/api/records/4010759/files/Adjectives_1of8.zip/content,train
Adjectives,2. quiet,Adjectives/2. quiet/MVI_9292.MOV,True,Adjectives_1of8.zip,https://zenodo.org/api/records/4010759/files/Adjectives_1of8.zip/content,train
Adjectives,2. quiet,Adjectives/2. quiet/MVI_5180.MOV,True,Adjectives_1of8.zip,https://zenodo.org/api/records/4010759/files/Adjectives_1of8.zip/content,train
Adjectives,2. quiet,Adjectives/2. quiet/MVI_9371.MOV,True,Adjectives_1of8.zip,https://zenodo.org/api/records/4010759/files/Adjectives_1of8.zip/content,val
Adjectives,2. quiet,Adjectives/2. quiet/MVI_5260.MOV,True,Adjectives_1of8.zip,https://zenodo.org/api/records/4010759/files/Adjectives_1of8.zip/content,val
Adjectives,2. quiet,Adjectives/2. quiet/MVI_9372.MOV,True,Adjectives_1of8.zip,https://zenodo.org/api/records/4010759/files/Adjectives_1of8.zip/content,val
Places,23. Court,Places/23. Court/MVI_3612.MOV,True,Places_2of4.zip,https://zenodo.org/api/records/4010759/files/Places_2of4.zip/content,train
Places,23. Court,Places/23. Court/MVI_3531.MOV,True,Places_2of4.zip,https://zenodo.org/api/records/4010759/files/Places_2of4.zip/content,train
Places,23. Court,Places/23. Court/MVI_3367.MOV,True,Places_2of4.zip,https://zenodo.org/api/records/4010759/files/Places_2of4.zip/content,train
Places,23. Court,Places/23. Court/MVI_3453.MOV,True,Places_2of4.zip,https://zenodo.org/api/records/4010759/files/Places_2of4.zip/content,train
Places,23. Court,Places/23. Court/MVI_3452.MOV,True,Places_2of4.zip,https://zenodo.org/api/records/4010759/files/Places_2of4.zip/content,train
Places,23. Court,Places/23. Court/MVI_3287.MOV,True,Places_2of4.zip,https://zenodo.org/api/records/4010759/files/Places_2of4.zip/content,train
Places,23. Court,Places/23. Court/MVI_3286.MOV,True,Places_2of4.zip,https://zenodo.org/api/records/4010759/files/Places_2of4.zip/content,train
Places,23. Court,Places/23. Court/MVI_3365.MOV,True,Places_2of4.zip,https://zenodo.org/api/records/4010759/files/Places_2of4.zip/content,train
Places,23. Court,Places/23. Court/MVI_3370.MOV,True,Places_2of4.zip,https://zenodo.org/api/records/4010759/files/Places_2of4.zip/content,train
Places,23. Court,Places/23. Court/MVI_3610.MOV,True,Places_2of4.zip,https://zenodo.org/api/records/4010759/files/Places_2of4.zip/content,train
Places,23. Court,Places/23. Court/MVI_3455.MOV,True,Places_2of4.zip,https://zenodo.org/api/records/4010759/files/Places_2of4.zip/content,val
Places,23. Court,Places/23. Court/MVI_3611.MOV,True,Places_2of4.zip,https://zenodo.org/api/records/4010759/files/Places_2of4.zip/content,val
Places,23. Court,Places/23. Court/MVI_3366.MOV,True,Places_2of4.zip,https://zenodo.org/api/records/4010759/files/Places_2of4.zip/content,val
Places,28. Store or Shop,Places/28. Store or Shop/MVI_3308.MOV,True,Places_3of4.zip,https://zenodo.org/api/records/4010759/files/Places_3of4.zip/content,train
Places,28. Store or Shop,Places/28. Store or Shop/MVI_3310.MOV,True,Places_3of4.zip,https://zenodo.org/api/records/4010759/files/Places_3of4.zip/content,train
Places,28. Store or Shop,Places/28. Store or Shop/MVI_3632.MOV,True,Places_3of4.zip,https://zenodo.org/api/records/4010759/files/Places_3of4.zip/content,train
Places,28. Store or Shop,Places/28. Store or Shop/MVI_3474.MOV,True,Places_3of4.zip,https://zenodo.org/api/records/4010759/files/Places_3of4.zip/content,train
Places,28. Store or Shop,Places/28. Store or Shop/MVI_3386.MOV,True,Places_3of4.zip,https://zenodo.org/api/records/4010759/files/Places_3of4.zip/content,train
Places,28. Store or Shop,Places/28. Store or Shop/MVI_3553.MOV,True,Places_3of4.zip,https://zenodo.org/api/records/4010759/files/Places_3of4.zip/content,train
Places,28. Store or Shop,Places/28. Store or Shop/MVI_3472.MOV,True,Places_3of4.zip,https://zenodo.org/api/records/4010759/files/Places_3of4.zip/content,train
Places,28. Store or Shop,Places/28. Store or Shop/MVI_3552.MOV,True,Places_3of4.zip,https://zenodo.org/api/records/4010759/files/Places_3of4.zip/content,train
Places,28. Store or Shop,Places/28. Store or Shop/MVI_3473.MOV,True,Places_3of4.zip,https://zenodo.org/api/records/4010759/files/Places_3of4.zip/content,train
Places,28. Store or Shop,Places/28. Store or Shop/MVI_3385.MOV,True,Places_3of4.zip,https://zenodo.org/api/records/4010759/files/Places_3of4.zip/content,train
Places,28. Store or Shop,Places/28. Store or Shop/MVI_3309.MOV,True,Places_3of4.zip,https://zenodo.org/api/records/4010759/files/Places_3of4.zip/content,val
Places,28. Store or Shop,Places/28. Store or Shop/MVI_3634.MOV,True,Places_3of4.zip,https://zenodo.org/api/records/4010759/files/Places_3of4.zip/content,val
Places,28. Store or Shop,Places/28. Store or Shop/MVI_3635.MOV,True,Places_3of4.zip,https://zenodo.org/api/records/4010759/files/Places_3of4.zip/content,val
Home,28. Window,Home/28. Window/MVI_4363.MOV,True,Home_1of4.zip,https://zenodo.org/api/records/4010759/files/Home_1of4.zip/content,train
Home,28. Window,Home/28. Window/MVI_8767.MP4,True,Home_1of4.zip,https://zenodo.org/api/records/4010759/files/Home_1of4.zip/content,train
Home,28. Window,Home/28. Window/MVI_8769.MP4,True,Home_1of4.zip,https://zenodo.org/api/records/4010759/files/Home_1of4.zip/content,train
Home,28. Window,Home/28. Window/MVI_8766.MP4,True,Home_1of4.zip,https://zenodo.org/api/records/4010759/files/Home_1of4.zip/content,train
Home,28. Window,Home/28. Window/MVI_4364.MOV,True,Home_1of4.zip,https://zenodo.org/api/records/4010759/files/Home_1of4.zip/content,train
Home,28. Window,Home/28. Window/MVI_4362.MOV,True,Home_1of4.zip,https://zenodo.org/api/records/4010759/files/Home_1of4.zip/content,train
Home,28. Window,Home/28. Window/MVI_4365.MOV,True,Home_1of4.zip,https://zenodo.org/api/records/4010759/files/Home_1of4.zip/content,train
Home,28. Window,Home/28. Window/MVI_8768.MP4,True,Home_1of4.zip,https://zenodo.org/api/records/4010759/files/Home_1of4.zip/content,train
Home,28. Window,Home/28. Window/MVI_4881.MOV,True,Home_1of4.zip,https://zenodo.org/api/records/4010759/files/Home_1of4.zip/content,train
Home,28. Window,Home/28. Window/MVI_9014.MP4,True,Home_1of4.zip,https://zenodo.org/api/records/4010759/files/Home_1of4.zip/content,train
Home,28. Window,Home/28. Window/MVI_9015.MP4,True,Home_1of4.zip,https://zenodo.org/api/records/4010759/files/Home_1of4.zip/content,val
Home,28. Window,Home/28. Window/MVI_4882.MOV,True,Home_1of4.zip,https://zenodo.org/api/records/4010759/files/Home_1of4.zip/content,val
Home,28. Window,Home/28. Window/MVI_4883.MOV,True,Home_1of4.zip,https://zenodo.org/api/records/4010759/files/Home_1of4.zip/content,val
Adjectives,3. happy,Adjectives/3. happy/MVI_9540.MOV,True,Adjectives_1of8.zip,https://zenodo.org/api/records/4010759/files/Adjectives_1of8.zip/content,train
Adjectives,3. happy,Adjectives/3. happy/MVI_9542.MOV,True,Adjectives_1of8.zip,https://zenodo.org/api/records/4010759/files/Adjectives_1of8.zip/content,train
Adjectives,3. happy,Adjectives/3. happy/MVI_9541.MOV,True,Adjectives_1of8.zip,https://zenodo.org/api/records/4010759/files/Adjectives_1of8.zip/content,train
Adjectives,3. happy,Adjectives/3. happy/MVI_5185.MOV,True,Adjectives_1of8.zip,https://zenodo.org/api/records/4010759/files/Adjectives_1of8.zip/content,train
Adjectives,3. happy,Adjectives/3. happy/MVI_5342.MOV,True,Adjectives_1of8.zip,https://zenodo.org/api/records/4010759/files/Adjectives_1of8.zip/content,train
Adjectives,3. happy,Adjectives/3. happy/MVI_9297.MOV,True,Adjectives_1of8.zip,https://zenodo.org/api/records/4010759/files/Adjectives_1of8.zip/content,train
Adjectives,3. happy,Adjectives/3. happy/MVI_5264.MOV,True,Adjectives_1of8.zip,https://zenodo.org/api/records/4010759/files/Adjectives_1of8.zip/content,train
Adjectives,3. happy,Adjectives/3. happy/MVI_5265.MOV,True,Adjectives_1of8.zip,https://zenodo.org/api/records/4010759/files/Adjectives_1of8.zip/content,train
Adjectives,3. happy,Adjectives/3. happy/MVI_5343.MOV,True,Adjectives_1of8.zip,https://zenodo.org/api/records/4010759/files/Adjectives_1of8.zip/content,train
Adjectives,3. happy,Adjectives/3. happy/MVI_5263.MOV,True,Adjectives_1of8.zip,https://zenodo.org/api/records/4010759/files/Adjectives_1of8.zip/content,train
Adjectives,3. happy,Adjectives/3. happy/MVI_9296.MOV,True,Adjectives_1of8.zip,https://zenodo.org/api/records/4010759/files/Adjectives_1of8.zip/content,val
Adjectives,3. happy,Adjectives/3. happy/MVI_9454.MOV,True,Adjectives_1of8.zip,https://zenodo.org/api/records/4010759/files/Adjectives_1of8.zip/content,val
Adjectives,3. happy,Adjectives/3. happy/MVI_5183.MOV,True,Adjectives_1of8.zip,https://zenodo.org/api/records/4010759/files/Adjectives_1of8.zip/content,val
Home,34. Pen,Home/34. Pen/MVI_4906.MOV,True,Home_2of4.zip,https://zenodo.org/api/records/4010759/files/Home_2of4.zip/content,train
Home,34. Pen,Home/34. Pen/MVI_9034.MP4,True,Home_2of4.zip,https://zenodo.org/api/records/4010759/files/Home_2of4.zip/content,train
Home,34. Pen,Home/34. Pen/MVI_4390.MOV,True,Home_2of4.zip,https://zenodo.org/api/records/4010759/files/Home_2of4.zip/content,train
Home,34. Pen,Home/34. Pen/MVI_9032.MP4,True,Home_2of4.zip,https://zenodo.org/api/records/4010759/files/Home_2of4.zip/content,train
Home,34. Pen,Home/34. Pen/MVI_4389.MOV,True,Home_2of4.zip,https://zenodo.org/api/records/4010759/files/Home_2of4.zip/content,train
Home,34. Pen,Home/34. Pen/MVI_4907.MOV,True,Home_2of4.zip,https://zenodo.org/api/records/4010759/files/Home_2of4.zip/content,train
Home,34. Pen,Home/34. Pen/MVI_4387.MOV,True,Home_2of4.zip,https://zenodo.org/api/records/4010759/files/Home_2of4.zip/content,train
Home,34. Pen,Home/34. Pen/MVI_8793.MP4,True,Home_2of4.zip,https://zenodo.org/api/records/4010759/files/Home_2of4.zip/content,train
Home,34. Pen,Home/34. Pen/MVI_4388.MOV,True,Home_2of4.zip,https://zenodo.org/api/records/4010759/files/Home_2of4.zip/content,train
Home,34. Pen,Home/34. Pen/MVI_8791.MP4,True,Home_2of4.zip,https://zenodo.org/api/records/4010759/files/Home_2of4.zip/content,train
Home,34. Pen,Home/34. Pen/MVI_8794.MP4,True,Home_2of4.zip,https://zenodo.org/api/records/4010759/files/Home_2of4.zip/content,val
Home,34. Pen,Home/34. Pen/MVI_4908.MOV,True,Home_2of4.zip,https://zenodo.org/api/records/4010759/files/Home_2of4.zip/content,val
Home,34. Pen,Home/34. Pen/MVI_9033.MP4,True,Home_2of4.zip,https://zenodo.org/api/records/4010759/files/Home_2of4.zip/content,val
Places,35. Bank,Places/35. Bank/MVI_3502.MOV,True,Places_4of4.zip,https://zenodo.org/api/records/4010759/files/Places_4of4.zip/content,train
Places,35. Bank,Places/35. Bank/MVI_3337.MOV,True,Places_4of4.zip,https://zenodo.org/api/records/4010759/files/Places_4of4.zip/content,train
Places,35. Bank,Places/35. Bank/MVI_3582.MOV,True,Places_4of4.zip,https://zenodo.org/api/records/4010759/files/Places_4of4.zip/content,train
Places,35. Bank,Places/35. Bank/MVI_3423.MOV,True,Places_4of4.zip,https://zenodo.org/api/records/4010759/files/Places_4of4.zip/content,train
Places,35. Bank,Places/35. Bank/MVI_3664.MOV,True,Places_4of4.zip,https://zenodo.org/api/records/4010759/files/Places_4of4.zip/content,train
Places,35. Bank,Places/35. Bank/MVI_3419.MOV,True,Places_4of4.zip,https://zenodo.org/api/records/4010759/files/Places_4of4.zip/content,train
Places,35. Bank,Places/35. Bank/MVI_3503.MOV,True,Places_4of4.zip,https://zenodo.org/api/records/4010759/files/Places_4of4.zip/content,train
Places,35. Bank,Places/35. Bank/MVI_3338.MOV,True,Places_4of4.zip,https://zenodo.org/api/records/4010759/files/Places_4of4.zip/content,train
Places,35. Bank,Places/35. Bank/MVI_3663.MOV,True,Places_4of4.zip,https://zenodo.org/api/records/4010759/files/Places_4of4.zip/content,train
Places,35. Bank,Places/35. Bank/MVI_3583.MOV,True,Places_4of4.zip,https://zenodo.org/api/records/4010759/files/Places_4of4.zip/content,train
Places,35. Bank,Places/35. Bank/MVI_3662.MOV,True,Places_4of4.zip,https://zenodo.org/api/records/4010759/files/Places_4of4.zip/content,val
Places,35. Bank,Places/35. Bank/MVI_3581.MOV,True,Places_4of4.zip,https://zenodo.org/api/records/4010759/files/Places_4of4.zip/content,val
Places,35. Bank,Places/35. Bank/MVI_3336.MOV,True,Places_4of4.zip,https://zenodo.org/api/records/4010759/files/Places_4of4.zip/content,val
Clothes,37. Hat,Clothes/37. Hat/MVI_3985.MOV,True,Clothes_1of2.zip,https://zenodo.org/api/records/4010759/files/Clothes_1of2.zip/content,train
Clothes,37. Hat,Clothes/37. Hat/MVI_3691.MOV,True,Clothes_1of2.zip,https://zenodo.org/api/records/4010759/files/Clothes_1of2.zip/content,train
Clothes,37. Hat,Clothes/37. Hat/MVI_4197.MOV,True,Clothes_1of2.zip,https://zenodo.org/api/records/4010759/files/Clothes_1of2.zip/content,train
Clothes,37. Hat,Clothes/37. Hat/MVI_3986.MOV,True,Clothes_1of2.zip,https://zenodo.org/api/records/4010759/files/Clothes_1of2.zip/content,train
Clothes,37. Hat,Clothes/37. Hat/MVI_4866.MOV,True,Clothes_1of2.zip,https://zenodo.org/api/records/4010759/files/Clothes_1of2.zip/content,train
Clothes,37. Hat,Clothes/37. Hat/MVI_5156.MOV,True,Clothes_1of2.zip,https://zenodo.org/api/records/4010759/files/Clothes_1of2.zip/content,train
Clothes,37. Hat,Clothes/37. Hat/MVI_3688.MOV,True,Clothes_1of2.zip,https://zenodo.org/api/records/4010759/files/Clothes_1of2.zip/content,train
Clothes,37. Hat,Clothes/37. Hat/MVI_4865.MOV,True,Clothes_1of2.zip,https://zenodo.org/api/records/4010759/files/Clothes_1of2.zip/content,train
Clothes,37. Hat,Clothes/37. Hat/MVI_3836.MOV,True,Clothes_1of2.zip,https://zenodo.org/api/records/4010759/files/Clothes_1of2.zip/content,train
Clothes,37. Hat,Clothes/37. Hat/MVI_5155.MOV,True,Clothes_1of2.zip,https://zenodo.org/api/records/4010759/files/Clothes_1of2.zip/content,train
Clothes,37. Hat,Clothes/37. Hat/MVI_5008.MOV,True,Clothes_1of2.zip,https://zenodo.org/api/records/4010759/files/Clothes_1of2.zip/content,val
Clothes,37. Hat,Clothes/37. Hat/MVI_3690.MOV,True,Clothes_1of2.zip,https://zenodo.org/api/records/4010759/files/Clothes_1of2.zip/content,val
Clothes,37. Hat,Clothes/37. Hat/MVI_3984.MOV,True,Clothes_1of2.zip,https://zenodo.org/api/records/4010759/files/Clothes_1of2.zip/content,val
Animals,4. Bird,Animals/4. Bird/MVI_4155.MOV,True,Animals_1of2.zip,https://zenodo.org/api/records/4010759/files/Animals_1of2.zip/content,train
Animals,4. Bird,Animals/4. Bird/MVI_8568.MP4,True,Animals_1of2.zip,https://zenodo.org/api/records/4010759/files/Animals_1of2.zip/content,train
Animals,4. Bird,Animals/4. Bird/MVI_3094.MOV,True,Animals_1of2.zip,https://zenodo.org/api/records/4010759/files/Animals_1of2.zip/content,train
Animals,4. Bird,Animals/4. Bird/MVI_2989.MOV,True,Animals_1of2.zip,https://zenodo.org/api/records/4010759/files/Animals_1of2.zip/content,train
Animals,4. Bird,Animals/4. Bird/MVI_2987.MOV,True,Animals_1of2.zip,https://zenodo.org/api/records/4010759/files/Animals_1of2.zip/content,train
Animals,4. Bird,Animals/4. Bird/MVI_3072.MOV,True,Animals_1of2.zip,https://zenodo.org/api/records/4010759/files/Animals_1of2.zip/content,train
Animals,4. Bird,Animals/4. Bird/MVI_3040.MOV,True,Animals_1of2.zip,https://zenodo.org/api/records/4010759/files/Animals_1of2.zip/content,train
Animals,4. Bird,Animals/4. Bird/MVI_3071.MOV,True,Animals_1of2.zip,https://zenodo.org/api/records/4010759/files/Animals_1of2.zip/content,train
Animals,4. Bird,Animals/4. Bird/MVI_3037.MOV,True,Animals_1of2.zip,https://zenodo.org/api/records/4010759/files/Animals_1of2.zip/content,train
Animals,4. Bird,Animals/4. Bird/MVI_3013.MOV,True,Animals_1of2.zip,https://zenodo.org/api/records/4010759/files/Animals_1of2.zip/content,train
Animals,4. Bird,Animals/4. Bird/MVI_3038.MOV,True,Animals_1of2.zip,https://zenodo.org/api/records/4010759/files/Animals_1of2.zip/content,val
Animals,4. Bird,Animals/4. Bird/MVI_2988.MOV,True,Animals_1of2.zip,https://zenodo.org/api/records/4010759/files/Animals_1of2.zip/content,val
Animals,4. Bird,Animals/4. Bird/MVI_3096.MOV,True,Animals_1of2.zip,https://zenodo.org/api/records/4010759/files/Animals_1of2.zip/content,val
Pronouns,40. I,Pronouns/40. I/MVI_0066.MOV,True,Pronouns_1of2.zip,https://zenodo.org/api/records/4010759/files/Pronouns_1of2.zip/content,train
Pronouns,40. I,Pronouns/40. I/MVI_0065.MOV,True,Pronouns_1of2.zip,https://zenodo.org/api/records/4010759/files/Pronouns_1of2.zip/content,train
Pronouns,40. I,Pronouns/40. I/MVI_9958.MOV,True,Pronouns_1of2.zip,https://zenodo.org/api/records/4010759/files/Pronouns_1of2.zip/content,train
Pronouns,40. I,Pronouns/40. I/MVI_9919.MOV,True,Pronouns_1of2.zip,https://zenodo.org/api/records/4010759/files/Pronouns_1of2.zip/content,train
Pronouns,40. I,Pronouns/40. I/MVI_9995.MOV,True,Pronouns_1of2.zip,https://zenodo.org/api/records/4010759/files/Pronouns_1of2.zip/content,train
Pronouns,40. I,Pronouns/40. I/MVI_0014.MOV,True,Pronouns_1of2.zip,https://zenodo.org/api/records/4010759/files/Pronouns_1of2.zip/content,train
Pronouns,40. I,Pronouns/40. I/MVI_9878.MOV,True,Pronouns_1of2.zip,https://zenodo.org/api/records/4010759/files/Pronouns_1of2.zip/content,train
Pronouns,40. I,Pronouns/40. I/MVI_0013.MOV,True,Pronouns_1of2.zip,https://zenodo.org/api/records/4010759/files/Pronouns_1of2.zip/content,train
Pronouns,40. I,Pronouns/40. I/MVI_0002.MOV,True,Pronouns_1of2.zip,https://zenodo.org/api/records/4010759/files/Pronouns_1of2.zip/content,train
Pronouns,40. I,Pronouns/40. I/MVI_9880.MOV,True,Pronouns_1of2.zip,https://zenodo.org/api/records/4010759/files/Pronouns_1of2.zip/content,train
Pronouns,40. I,Pronouns/40. I/MVI_9879.MOV,True,Pronouns_1of2.zip,https://zenodo.org/api/records/4010759/files/Pronouns_1of2.zip/content,val
Pronouns,40. I,Pronouns/40. I/MVI_9959.MOV,True,Pronouns_1of2.zip,https://zenodo.org/api/records/4010759/files/Pronouns_1of2.zip/content,val
Pronouns,40. I,Pronouns/40. I/MVI_0064.MOV,True,Pronouns_1of2.zip,https://zenodo.org/api/records/4010759/files/Pronouns_1of2.zip/content,val
Home,40. Paint,Home/40. Paint/MVI_4926.MOV,True,Home_3of4.zip,https://zenodo.org/api/records/4010759/files/Home_3of4.zip/content,train
Home,40. Paint,Home/40. Paint/MVI_4415.MOV,True,Home_3of4.zip,https://zenodo.org/api/records/4010759/files/Home_3of4.zip/content,train
Home,40. Paint,Home/40. Paint/MVI_4413.MOV,True,Home_3of4.zip,https://zenodo.org/api/records/4010759/files/Home_3of4.zip/content,train
Home,40. Paint,Home/40. Paint/MVI_8821.MP4,True,Home_3of4.zip,https://zenodo.org/api/records/4010759/files/Home_3of4.zip/content,train
Home,40. Paint,Home/40. Paint/MVI_9052.MP4,True,Home_3of4.zip,https://zenodo.org/api/records/4010759/files/Home_3of4.zip/content,train
Home,40. Paint,Home/40. Paint/MVI_4414.MOV,True,Home_3of4.zip,https://zenodo.org/api/records/4010759/files/Home_3of4.zip/content,train
Home,40. Paint,Home/40. Paint/MVI_4412.MOV,True,Home_3of4.zip,https://zenodo.org/api/records/4010759/files/Home_3of4.zip/content,train
Home,40. Paint,Home/40. Paint/MVI_9051.MP4,True,Home_3of4.zip,https://zenodo.org/api/records/4010759/files/Home_3of4.zip/content,train
Home,40. Paint,Home/40. Paint/MVI_8817.MP4,True,Home_3of4.zip,https://zenodo.org/api/records/4010759/files/Home_3of4.zip/content,train
Home,40. Paint,Home/40. Paint/MVI_4927.MOV,True,Home_3of4.zip,https://zenodo.org/api/records/4010759/files/Home_3of4.zip/content,train
Home,40. Paint,Home/40. Paint/MVI_8818.MP4,True,Home_3of4.zip,https://zenodo.org/api/records/4010759/files/Home_3of4.zip/content,val
Home,40. Paint,Home/40. Paint/MVI_8819.MP4,True,Home_3of4.zip,https://zenodo.org/api/records/4010759/files/Home_3of4.zip/content,val
Home,40. Paint,Home/40. Paint/MVI_9053.MP4,True,Home_3of4.zip,https://zenodo.org/api/records/4010759/files/Home_3of4.zip/content,val
Clothes,42. T-Shirt,Clothes/42. T-Shirt/MVI_4003.MOV,True,Clothes_2of2.zip,https://zenodo.org/api/records/4010759/files/Clothes_2of2.zip/content,train
Clothes,42. T-Shirt,Clothes/42. T-Shirt/MVI_3850.MOV,True,Clothes_2of2.zip,https://zenodo.org/api/records/4010759/files/Clothes_2of2.zip/content,train
Clothes,42. T-Shirt,Clothes/42. T-Shirt/MVI_4881.MOV,True,Clothes_2of2.zip,https://zenodo.org/api/records/4010759/files/Clothes_2of2.zip/content,train
Clothes,42. T-Shirt,Clothes/42. T-Shirt/MVI_3851.MOV,True,Clothes_2of2.zip,https://zenodo.org/api/records/4010759/files/Clothes_2of2.zip/content,train
Clothes,42. T-Shirt,Clothes/42. T-Shirt/MVI_4002.MOV,True,Clothes_2of2.zip,https://zenodo.org/api/records/4010759/files/Clothes_2of2.zip/content,train
Clothes,42. T-Shirt,Clothes/42. T-Shirt/MVI_4883.MOV,True,Clothes_2of2.zip,https://zenodo.org/api/records/4010759/files/Clothes_2of2.zip/content,train
Clothes,42. T-Shirt,Clothes/42. T-Shirt/MVI_4004.MOV,True,Clothes_2of2.zip,https://zenodo.org/api/records/4010759/files/Clothes_2of2.zip/content,train
Clothes,42. T-Shirt,Clothes/42. T-Shirt/MVI_3704.MOV,True,Clothes_2of2.zip,https://zenodo.org/api/records/4010759/files/Clothes_2of2.zip/content,train
Clothes,42. T-Shirt,Clothes/42. T-Shirt/MVI_3706.MOV,True,Clothes_2of2.zip,https://zenodo.org/api/records/4010759/files/Clothes_2of2.zip/content,train
Clothes,42. T-Shirt,Clothes/42. T-Shirt/MVI_5022.MOV,True,Clothes_2of2.zip,https://zenodo.org/api/records/4010759/files/Clothes_2of2.zip/content,train
Clothes,42. T-Shirt,Clothes/42. T-Shirt/MVI_4882.MOV,True,Clothes_2of2.zip,https://zenodo.org/api/records/4010759/files/Clothes_2of2.zip/content,val
Clothes,42. T-Shirt,Clothes/42. T-Shirt/MVI_3852.MOV,True,Clothes_2of2.zip,https://zenodo.org/api/records/4010759/files/Clothes_2of2.zip/content,val
Clothes,42. T-Shirt,Clothes/42. T-Shirt/MVI_5021.MOV,True,Clothes_2of2.zip,https://zenodo.org/api/records/4010759/files/Clothes_2of2.zip/content,val
Clothes,44. Shoes,Clothes/44. Shoes/MVI_3711.MOV,True,Clothes_2of2.zip,https://zenodo.org/api/records/4010759/files/Clothes_2of2.zip/content,train
Clothes,44. Shoes,Clothes/44. Shoes/MVI_4204.MOV,True,Clothes_2of2.zip,https://zenodo.org/api/records/4010759/files/Clothes_2of2.zip/content,train
Clothes,44. Shoes,Clothes/44. Shoes/MVI_5177.MOV,True,Clothes_2of2.zip,https://zenodo.org/api/records/4010759/files/Clothes_2of2.zip/content,train
Clothes,44. Shoes,Clothes/44. Shoes/MVI_3857.MOV,True,Clothes_2of2.zip,https://zenodo.org/api/records/4010759/files/Clothes_2of2.zip/content,train
Clothes,44. Shoes,Clothes/44. Shoes/MVI_4888.MOV,True,Clothes_2of2.zip,https://zenodo.org/api/records/4010759/files/Clothes_2of2.zip/content,train
Clothes,44. Shoes,Clothes/44. Shoes/MVI_5030.MOV,True,Clothes_2of2.zip,https://zenodo.org/api/records/4010759/files/Clothes_2of2.zip/content,train
Clothes,44. Shoes,Clothes/44. Shoes/MVI_4010.MOV,True,Clothes_2of2.zip,https://zenodo.org/api/records/4010759/files/Clothes_2of2.zip/content,train
Clothes,44. Shoes,Clothes/44. Shoes/MVI_5029.MOV,True,Clothes_2of2.zip,https://zenodo.org/api/records/4010759/files/Clothes_2of2.zip/content,train
Clothes,44. Shoes,Clothes/44. Shoes/MVI_3712.MOV,True,Clothes_2of2.zip,https://zenodo.org/api/records/4010759/files/Clothes_2of2.zip/content,train
Clothes,44. Shoes,Clothes/44. Shoes/MVI_4009.MOV,True,Clothes_2of2.zip,https://zenodo.org/api/records/4010759/files/Clothes_2of2.zip/content,train
Clothes,44. Shoes,Clothes/44. Shoes/MVI_5028.MOV,True,Clothes_2of2.zip,https://zenodo.org/api/records/4010759/files/Clothes_2of2.zip/content,val
Clothes,44. Shoes,Clothes/44. Shoes/MVI_3858.MOV,True,Clothes_2of2.zip,https://zenodo.org/api/records/4010759/files/Clothes_2of2.zip/content,val
Clothes,44. Shoes,Clothes/44. Shoes/MVI_4887.MOV,True,Clothes_2of2.zip,https://zenodo.org/api/records/4010759/files/Clothes_2of2.zip/content,val
Pronouns,44. it,Pronouns/44. it/MVI_0014.MOV,True,Pronouns_1of2.zip,https://zenodo.org/api/records/4010759/files/Pronouns_1of2.zip/content,train
Pronouns,44. it,Pronouns/44. it/MVI_0077.MOV,True,Pronouns_1of2.zip,https://zenodo.org/api/records/4010759/files/Pronouns_1of2.zip/content,train
Pronouns,44. it,Pronouns/44. it/MVI_0076.MOV,True,Pronouns_1of2.zip,https://zenodo.org/api/records/4010759/files/Pronouns_1of2.zip/content,train
Pronouns,44. it,Pronouns/44. it/MVI_9898.MOV,True,Pronouns_1of2.zip,https://zenodo.org/api/records/4010759/files/Pronouns_1of2.zip/content,train
Pronouns,44. it,Pronouns/44. it/MVI_9936.MOV,True,Pronouns_1of2.zip,https://zenodo.org/api/records/4010759/files/Pronouns_1of2.zip/content,train
Pronouns,44. it,Pronouns/44. it/MVI_9970.MOV,True,Pronouns_1of2.zip,https://zenodo.org/api/records/4010759/files/Pronouns_1of2.zip/content,train
Pronouns,44. it,Pronouns/44. it/MVI_9969.MOV,True,Pronouns_1of2.zip,https://zenodo.org/api/records/4010759/files/Pronouns_1of2.zip/content,train
Pronouns,44. it,Pronouns/44. it/MVI_9938.MOV,True,Pronouns_1of2.zip,https://zenodo.org/api/records/4010759/files/Pronouns_1of2.zip/content,train
Pronouns,44. it,Pronouns/44. it/MVI_0015.MOV,True,Pronouns_1of2.zip,https://zenodo.org/api/records/4010759/files/Pronouns_1of2.zip/content,train
Pronouns,44. it,Pronouns/44. it/MVI_0024.MOV,True,Pronouns_1of2.zip,https://zenodo.org/api/records/4010759/files/Pronouns_1of2.zip/content,train
Pronouns,44. it,Pronouns/44. it/MVI_9900.MOV,True,Pronouns_1of2.zip,https://zenodo.org/api/records/4010759/files/Pronouns_1of2.zip/content,val
Pronouns,44. it,Pronouns/44. it/MVI_0078.MOV,True,Pronouns_1of2.zip,https://zenodo.org/api/records/4010759/files/Pronouns_1of2.zip/content,val
Pronouns,44. it,Pronouns/44. it/MVI_0025.MOV,True,Pronouns_1of2.zip,https://zenodo.org/api/records/4010759/files/Pronouns_1of2.zip/content,val
Pronouns,46. you (plural),Pronouns/46. you (plural)/MVI_0083.MOV,True,Pronouns_2of2.zip,https://zenodo.org/api/records/4010759/files/Pronouns_2of2.zip/content,train
Pronouns,46. you (plural),Pronouns/46. you (plural)/MVI_9946.MOV,True,Pronouns_2of2.zip,https://zenodo.org/api/records/4010759/files/Pronouns_2of2.zip/content,train
Pronouns,46. you (plural),Pronouns/46. you (plural)/MVI_9975.MOV,True,Pronouns_2of2.zip,https://zenodo.org/api/records/4010759/files/Pronouns_2of2.zip/content,train
Pronouns,46. you (plural),Pronouns/46. you (plural)/MVI_9947.MOV,True,Pronouns_2of2.zip,https://zenodo.org/api/records/4010759/files/Pronouns_2of2.zip/content,train
Pronouns,46. you (plural),Pronouns/46. you (plural)/MVI_9977.MOV,True,Pronouns_2of2.zip,https://zenodo.org/api/records/4010759/files/Pronouns_2of2.zip/content,train
Pronouns,46. you (plural),Pronouns/46. you (plural)/MVI_9948.MOV,True,Pronouns_2of2.zip,https://zenodo.org/api/records/4010759/files/Pronouns_2of2.zip/content,train
Pronouns,46. you (plural),Pronouns/46. you (plural)/MVI_9909.MOV,True,Pronouns_2of2.zip,https://zenodo.org/api/records/4010759/files/Pronouns_2of2.zip/content,train
Pronouns,46. you (plural),Pronouns/46. you (plural)/MVI_0030.MOV,True,Pronouns_2of2.zip,https://zenodo.org/api/records/4010759/files/Pronouns_2of2.zip/content,train
Pronouns,46. you (plural),Pronouns/46. you (plural)/MVI_0024.MOV,True,Pronouns_2of2.zip,https://zenodo.org/api/records/4010759/files/Pronouns_2of2.zip/content,train
Pronouns,46. you (plural),Pronouns/46. you (plural)/MVI_9907.MOV,True,Pronouns_2of2.zip,https://zenodo.org/api/records/4010759/files/Pronouns_2of2.zip/content,train
Pronouns,46. you (plural),Pronouns/46. you (plural)/MVI_9976.MOV,True,Pronouns_2of2.zip,https://zenodo.org/api/records/4010759/files/Pronouns_2of2.zip/content,val
Pronouns,46. you (plural),Pronouns/46. you (plural)/MVI_0031.MOV,True,Pronouns_2of2.zip,https://zenodo.org/api/records/4010759/files/Pronouns_2of2.zip/content,val
Pronouns,46. you (plural),Pronouns/46. you (plural)/MVI_9905.MOV,True,Pronouns_2of2.zip,https://zenodo.org/api/records/4010759/files/Pronouns_2of2.zip/content,val
Colours,47. Red,Colours/47. Red/MVI_3720.MOV,True,Colours_1of2.zip,https://zenodo.org/api/records/4010759/files/Colours_1of2.zip/content,train
Colours,47. Red,Colours/47. Red/MVI_4019.MOV,True,Colours_1of2.zip,https://zenodo.org/api/records/4010759/files/Colours_1of2.zip/content,train
Colours,47. Red,Colours/47. Red/MVI_3721.MOV,True,Colours_1of2.zip,https://zenodo.org/api/records/4010759/files/Colours_1of2.zip/content,train
Colours,47. Red,Colours/47. Red/MVI_4018.MOV,True,Colours_1of2.zip,https://zenodo.org/api/records/4010759/files/Colours_1of2.zip/content,train
Colours,47. Red,Colours/47. Red/MVI_8612.MP4,True,Colours_1of2.zip,https://zenodo.org/api/records/4010759/files/Colours_1of2.zip/content,train
Colours,47. Red,Colours/47. Red/MVI_3867.MOV,True,Colours_1of2.zip,https://zenodo.org/api/records/4010759/files/Colours_1of2.zip/content,train
Colours,47. Red,Colours/47. Red/MVI_5186.MOV,True,Colours_1of2.zip,https://zenodo.org/api/records/4010759/files/Colours_1of2.zip/content,train
Colours,47. Red,Colours/47. Red/MVI_3719.MOV,True,Colours_1of2.zip,https://zenodo.org/api/records/4010759/files/Colours_1of2.zip/content,train
Colours,47. Red,Colours/47. Red/MVI_4017.MOV,True,Colours_1of2.zip,https://zenodo.org/api/records/4010759/files/Colours_1of2.zip/content,train
Colours,47. Red,Colours/47. Red/MVI_5038.MOV,True,Colours_1of2.zip,https://zenodo.org/api/records/4010759/files/Colours_1of2.zip/content,train
Colours,47. Red,Colours/47. Red/MVI_4899.MOV,True,Colours_1of2.zip,https://zenodo.org/api/records/4010759/files/Colours_1of2.zip/content,val
Colours,47. Red,Colours/47. Red/MVI_4898.MOV,True,Colours_1of2.zip,https://zenodo.org/api/records/4010759/files/Colours_1of2.zip/content,val
Colours,47. Red,Colours/47. Red/MVI_5184.MOV,True,Colours_1of2.zip,https://zenodo.org/api/records/4010759/files/Colours_1of2.zip/content,val
Greetings,48. Hello,Greetings/48. Hello/MVI_0090.MOV,True,Greetings_1of2.zip,https://zenodo.org/api/records/4010759/files/Greetings_1of2.zip/content,train
Greetings,48. Hello,Greetings/48. Hello/MVI_0091.MOV,True,Greetings_1of2.zip,https://zenodo.org/api/records/4010759/files/Greetings_1of2.zip/content,train
Greetings,48. Hello,Greetings/48. Hello/MVI_0029.MOV,True,Greetings_1of2.zip,https://zenodo.org/api/records/4010759/files/Greetings_1of2.zip/content,train
Greetings,48. Hello,Greetings/48. Hello/MVI_9983.MOV,True,Greetings_1of2.zip,https://zenodo.org/api/records/4010759/files/Greetings_1of2.zip/content,train
Greetings,48. Hello,Greetings/48. Hello/MVI_9984.MOV,True,Greetings_1of2.zip,https://zenodo.org/api/records/4010759/files/Greetings_1of2.zip/content,train
Greetings,48. Hello,Greetings/48. Hello/MVI_0037.MOV,True,Greetings_1of2.zip,https://zenodo.org/api/records/4010759/files/Greetings_1of2.zip/content,train
Greetings,48. Hello,Greetings/48. Hello/MVI_9956.MOV,True,Greetings_1of2.zip,https://zenodo.org/api/records/4010759/files/Greetings_1of2.zip/content,train
Greetings,48. Hello,Greetings/48. Hello/MVI_0032.MOV,True,Greetings_1of2.zip,https://zenodo.org/api/records/4010759/files/Greetings_1of2.zip/content,train
Greetings,48. Hello,Greetings/48. Hello/MVI_9915.MOV,True,Greetings_1of2.zip,https://zenodo.org/api/records/4010759/files/Greetings_1of2.zip/content,train
Greetings,48. Hello,Greetings/48. Hello/MVI_0030.MOV,True,Greetings_1of2.zip,https://zenodo.org/api/records/4010759/files/Greetings_1of2.zip/content,train
Greetings,48. Hello,Greetings/48. Hello/MVI_0031.MOV,True,Greetings_1of2.zip,https://zenodo.org/api/records/4010759/files/Greetings_1of2.zip/content,val
Greetings,48. Hello,Greetings/48. Hello/MVI_0038.MOV,True,Greetings_1of2.zip,https://zenodo.org/api/records/4010759/files/Greetings_1of2.zip/content,val
Greetings,48. Hello,Greetings/48. Hello/MVI_9916.MOV,True,Greetings_1of2.zip,https://zenodo.org/api/records/4010759/files/Greetings_1of2.zip/content,val
Animals,5. Cow,Animals/5. Cow/MVI_3047.MOV,True,Animals_1of2.zip,https://zenodo.org/api/records/4010759/files/Animals_1of2.zip/content,train
Animals,5. Cow,Animals/5. Cow/MVI_3097.MOV,True,Animals_1of2.zip,https://zenodo.org/api/records/4010759/files/Animals_1of2.zip/content,train
Animals,5. Cow,Animals/5. Cow/MVI_8569.MP4,True,Animals_1of2.zip,https://zenodo.org/api/records/4010759/files/Animals_1of2.zip/content,train
Animals,5. Cow,Animals/5. Cow/MVI_2992.MOV,True,Animals_1of2.zip,https://zenodo.org/api/records/4010759/files/Animals_1of2.zip/content,train
Animals,5. Cow,Animals/5. Cow/MVI_3074.MOV,True,Animals_1of2.zip,https://zenodo.org/api/records/4010759/files/Animals_1of2.zip/content,train
Animals,5. Cow,Animals/5. Cow/MVI_3048.MOV,True,Animals_1of2.zip,https://zenodo.org/api/records/4010759/files/Animals_1of2.zip/content,train
Animals,5. Cow,Animals/5. Cow/MVI_4160.MOV,True,Animals_1of2.zip,https://zenodo.org/api/records/4010759/files/Animals_1of2.zip/content,train
Animals,5. Cow,Animals/5. Cow/MVI_3049.MOV,True,Animals_1of2.zip,https://zenodo.org/api/records/4010759/files/Animals_1of2.zip/content,train
Animals,5. Cow,Animals/5. Cow/MVI_3046.MOV,True,Animals_1of2.zip,https://zenodo.org/api/records/4010759/files/Animals_1of2.zip/content,train
Animals,5. Cow,Animals/5. Cow/MVI_3073.MOV,True,Animals_1of2.zip,https://zenodo.org/api/records/4010759/files/Animals_1of2.zip/content,train
Animals,5. Cow,Animals/5. Cow/MVI_2990.MOV,True,Animals_1of2.zip,https://zenodo.org/api/records/4010759/files/Animals_1of2.zip/content,val
Animals,5. Cow,Animals/5. Cow/MVI_3075.MOV,True,Animals_1of2.zip,https://zenodo.org/api/records/4010759/files/Animals_1of2.zip/content,val
Animals,5. Cow,Animals/5. Cow/MVI_3016.MOV,True,Animals_1of2.zip,https://zenodo.org/api/records/4010759/files/Animals_1of2.zip/content,val
Greetings,51. Good Morning,Greetings/51. Good Morning/MVI_9932.MOV,True,Greetings_1of2.zip,https://zenodo.org/api/records/4010759/files/Greetings_1of2.zip/content,train
Greetings,51. Good Morning,Greetings/51. Good Morning/MVI_9970.MOV,True,Greetings_1of2.zip,https://zenodo.org/api/records/4010759/files/Greetings_1of2.zip/content,train
Greetings,51. Good Morning,Greetings/51. Good Morning/MVI_9991.MOV,True,Greetings_1of2.zip,https://zenodo.org/api/records/4010759/files/Greetings_1of2.zip/content,train
Greetings,51. Good Morning,Greetings/51. Good Morning/MVI_9933.MOV,True,Greetings_1of2.zip,https://zenodo.org/api/records/4010759/files/Greetings_1of2.zip/content,train
Greetings,51. Good Morning,Greetings/51. Good Morning/MVI_9935.MOV,True,Greetings_1of2.zip,https://zenodo.org/api/records/4010759/files/Greetings_1of2.zip/content,train
Greetings,51. Good Morning,Greetings/51. Good Morning/MVI_9971.MOV,True,Greetings_1of2.zip,https://zenodo.org/api/records/4010759/files/Greetings_1of2.zip/content,train
Greetings,51. Good Morning,Greetings/51. Good Morning/MVI_0048.MOV,True,Greetings_1of2.zip,https://zenodo.org/api/records/4010759/files/Greetings_1of2.zip/content,train
Greetings,51. Good Morning,Greetings/51. Good Morning/MVI_9934.MOV,True,Greetings_1of2.zip,https://zenodo.org/api/records/4010759/files/Greetings_1of2.zip/content,train
Greetings,51. Good Morning,Greetings/51. Good Morning/MVI_9992.MOV,True,Greetings_1of2.zip,https://zenodo.org/api/records/4010759/files/Greetings_1of2.zip/content,train
Greetings,51. Good Morning,Greetings/51. Good Morning/MVI_9993.MOV,True,Greetings_1of2.zip,https://zenodo.org/api/records/4010759/files/Greetings_1of2.zip/content,train
Greetings,51. Good Morning,Greetings/51. Good Morning/MVI_9968.MOV,True,Greetings_1of2.zip,https://zenodo.org/api/records/4010759/files/Greetings_1of2.zip/content,val
Greetings,51. Good Morning,Greetings/51. Good Morning/MVI_0100.MOV,True,Greetings_1of2.zip,https://zenodo.org/api/records/4010759/files/Greetings_1of2.zip/content,val
Greetings,51. Good Morning,Greetings/51. Good Morning/MVI_9969.MOV,True,Greetings_1of2.zip,https://zenodo.org/api/records/4010759/files/Greetings_1of2.zip/content,val
Electronics,53. Fan,Electronics/53. Fan/MVI_4965.MOV,True,Electronics_1of2.zip,https://zenodo.org/api/records/4010759/files/Electronics_1of2.zip/content,train
Electronics,53. Fan,Electronics/53. Fan/MVI_4535.MOV,True,Electronics_1of2.zip,https://zenodo.org/api/records/4010759/files/Electronics_1of2.zip/content,train
Electronics,53. Fan,Electronics/53. Fan/MVI_9099.MP4,True,Electronics_1of2.zip,https://zenodo.org/api/records/4010759/files/Electronics_1of2.zip/content,train
Electronics,53. Fan,Electronics/53. Fan/MVI_5388.MOV,True,Electronics_1of2.zip,https://zenodo.org/api/records/4010759/files/Electronics_1of2.zip/content,train
Electronics,53. Fan,Electronics/53. Fan/MVI_9098.MP4,True,Electronics_1of2.zip,https://zenodo.org/api/records/4010759/files/Electronics_1of2.zip/content,train
Electronics,53. Fan,Electronics/53. Fan/MVI_4536.MOV,True,Electronics_1of2.zip,https://zenodo.org/api/records/4010759/files/Electronics_1of2.zip/content,train
Electronics,53. Fan,Electronics/53. Fan/MVI_4533.MOV,True,Electronics_1of2.zip,https://zenodo.org/api/records/4010759/files/Electronics_1of2.zip/content,train
Electronics,53. Fan,Electronics/53. Fan/MVI_4534.MOV,True,Electronics_1of2.zip,https://zenodo.org/api/records/4010759/files/Electronics_1of2.zip/content,train
Electronics,53. Fan,Electronics/53. Fan/MVI_5387.MOV,True,Electronics_1of2.zip,https://zenodo.org/api/records/4010759/files/Electronics_1of2.zip/content,train
Electronics,53. Fan,Electronics/53. Fan/MVI_4532.MOV,True,Electronics_1of2.zip,https://zenodo.org/api/records/4010759/files/Electronics_1of2.zip/content,train
Electronics,53. Fan,Electronics/53. Fan/MVI_5390.MOV,True,Electronics_1of2.zip,https://zenodo.org/api/records/4010759/files/Electronics_1of2.zip/content,val
Electronics,53. Fan,Electronics/53. Fan/MVI_5389.MOV,True,Electronics_1of2.zip,https://zenodo.org/api/records/4010759/files/Electronics_1of2.zip/content,val
Electronics,53. Fan,Electronics/53. Fan/MVI_9097.MP4,True,Electronics_1of2.zip,https://zenodo.org/api/records/4010759/files/Electronics_1of2.zip/content,val
Colours,54. Black,Colours/54. Black/MVI_5206.MOV,True,Colours_2of2.zip,https://zenodo.org/api/records/4010759/files/Colours_2of2.zip/content,train
Colours,54. Black,Colours/54. Black/MVI_4215.MOV,True,Colours_2of2.zip,https://zenodo.org/api/records/4010759/files/Colours_2of2.zip/content,train
Colours,54. Black,Colours/54. Black/MVI_8619.MP4,True,Colours_2of2.zip,https://zenodo.org/api/records/4010759/files/Colours_2of2.zip/content,train
Colours,54. Black,Colours/54. Black/MVI_4040.MOV,True,Colours_2of2.zip,https://zenodo.org/api/records/4010759/files/Colours_2of2.zip/content,train
Colours,54. Black,Colours/54. Black/MVI_3741.MOV,True,Colours_2of2.zip,https://zenodo.org/api/records/4010759/files/Colours_2of2.zip/content,train
Colours,54. Black,Colours/54. Black/MVI_5207.MOV,True,Colours_2of2.zip,https://zenodo.org/api/records/4010759/files/Colours_2of2.zip/content,train
Colours,54. Black,Colours/54. Black/MVI_4919.MOV,True,Colours_2of2.zip,https://zenodo.org/api/records/4010759/files/Colours_2of2.zip/content,train
Colours,54. Black,Colours/54. Black/MVI_4918.MOV,True,Colours_2of2.zip,https://zenodo.org/api/records/4010759/files/Colours_2of2.zip/content,train
Colours,54. Black,Colours/54. Black/MVI_3740.MOV,True,Colours_2of2.zip,https://zenodo.org/api/records/4010759/files/Colours_2of2.zip/content,train
Colours,54. Black,Colours/54. Black/MVI_3742.MOV,True,Colours_2of2.zip,https://zenodo.org/api/records/4010759/files/Colours_2of2.zip/content,train
Colours,54. Black,Colours/54. Black/MVI_5059.MOV,True,Colours_2of2.zip,https://zenodo.org/api/records/4010759/files/Colours_2of2.zip/content,val
Colours,54. Black,Colours/54. Black/MVI_3887.MOV,True,Colours_2of2.zip,https://zenodo.org/api/records/4010759/files/Colours_2of2.zip/content,val
Colours,54. Black,Colours/54. Black/MVI_4041.MOV,True,Colours_2of2.zip,https://zenodo.org/api/records/4010759/files/Colours_2of2.zip/content,val
Electronics,54. Cell phone,Electronics/54. Cell phone/MVI_5393.MOV,True,Electronics_1of2.zip,https://zenodo.org/api/records/4010759/files/Electronics_1of2.zip/content,train
Electronics,54. Cell phone,Electronics/54. Cell phone/MVI_4967.MOV,True,Electronics_1of2.zip,https://zenodo.org/api/records/4010759/files/Electronics_1of2.zip/content,train
Electronics,54. Cell phone,Electronics/54. Cell phone/MVI_4540.MOV,True,Electronics_1of2.zip,https://zenodo.org/api/records/4010759/files/Electronics_1of2.zip/content,train
Electronics,54. Cell phone,Electronics/54. Cell phone/MVI_9100.MP4,True,Electronics_1of2.zip,https://zenodo.org/api/records/4010759/files/Electronics_1of2.zip/content,train
Electronics,54. Cell phone,Electronics/54. Cell phone/MVI_9102.MP4,True,Electronics_1of2.zip,https://zenodo.org/api/records/4010759/files/Electronics_1of2.zip/content,train
Electronics,54. Cell phone,Electronics/54. Cell phone/MVI_5392.MOV,True,Electronics_1of2.zip,https://zenodo.org/api/records/4010759/files/Electronics_1of2.zip/content,train
Electronics,54. Cell phone,Electronics/54. Cell phone/MVI_4538.MOV,True,Electronics_1of2.zip,https://zenodo.org/api/records/4010759/files/Electronics_1of2.zip/content,train
Electronics,54. Cell phone,Electronics/54. Cell phone/MVI_4969.MOV,True,Electronics_1of2.zip,https://zenodo.org/api/records/4010759/files/Electronics_1of2.zip/content,train
Electronics,54. Cell phone,Electronics/54. Cell phone/MVI_5391.MOV,True,Electronics_1of2.zip,https://zenodo.org/api/records/4010759/files/Electronics_1of2.zip/content,train
Electronics,54. Cell phone,Electronics/54. Cell phone/MVI_4968.MOV,True,Electronics_1of2.zip,https://zenodo.org/api/records/4010759/files/Electronics_1of2.zip/content,train
Electronics,54. Cell phone,Electronics/54. Cell phone/MVI_4537.MOV,True,Electronics_1of2.zip,https://zenodo.org/api/records/4010759/files/Electronics_1of2.zip/content,val
Electronics,54. Cell phone,Electronics/54. Cell phone/MVI_9101.MP4,True,Electronics_1of2.zip,https://zenodo.org/api/records/4010759/files/Electronics_1of2.zip/content,val
Electronics,54. Cell phone,Electronics/54. Cell phone/MVI_4539.MOV,True,Electronics_1of2.zip,https://zenodo.org/api/records/4010759/files/Electronics_1of2.zip/content,val
Greetings,55. Thank you,Greetings/55. Thank you/MVI_0111.MOV,True,Greetings_2of2.zip,https://zenodo.org/api/records/4010759/files/Greetings_2of2.zip/content,train
Greetings,55. Thank you,Greetings/55. Thank you/MVI_9987.MOV,True,Greetings_2of2.zip,https://zenodo.org/api/records/4010759/files/Greetings_2of2.zip/content,train
Greetings,55. Thank you,Greetings/55. Thank you/MVI_0006.MOV,True,Greetings_2of2.zip,https://zenodo.org/api/records/4010759/files/Greetings_2of2.zip/content,train
Greetings,55. Thank you,Greetings/55. Thank you/MVI_9985.MOV,True,Greetings_2of2.zip,https://zenodo.org/api/records/4010759/files/Greetings_2of2.zip/content,train
Greetings,55. Thank you,Greetings/55. Thank you/MVI_0060.MOV,True,Greetings_2of2.zip,https://zenodo.org/api/records/4010759/files/Greetings_2of2.zip/content,train
Greetings,55. Thank you,Greetings/55. Thank you/MVI_0063.MOV,True,Greetings_2of2.zip,https://zenodo.org/api/records/4010759/files/Greetings_2of2.zip/content,train
Greetings,55. Thank you,Greetings/55. Thank you/MVI_0007.MOV,True,Greetings_2of2.zip,https://zenodo.org/api/records/4010759/files/Greetings_2of2.zip/content,train
Greetings,55. Thank you,Greetings/55. Thank you/MVI_0061.MOV,True,Greetings_2of2.zip,https://zenodo.org/api/records/4010759/files/Greetings_2of2.zip/content,train
Greetings,55. Thank you,Greetings/55. Thank you/MVI_9948.MOV,True,Greetings_2of2.zip,https://zenodo.org/api/records/4010759/files/Greetings_2of2.zip/content,train
Greetings,55. Thank you,Greetings/55. Thank you/MVI_0113.MOV,True,Greetings_2of2.zip,https://zenodo.org/api/records/4010759/files/Greetings_2of2.zip/content,train
Greetings,55. Thank you,Greetings/55. Thank you/MVI_0060_.MOV,True,Greetings_2of2.zip,https://zenodo.org/api/records/4010759/files/Greetings_2of2.zip/content,val
Greetings,55. Thank you,Greetings/55. Thank you/MVI_0062.MOV,True,Greetings_2of2.zip,https://zenodo.org/api/records/4010759/files/Greetings_2of2.zip/content,val
Greetings,55. Thank you,Greetings/55. Thank you/MVI_0058.MOV,True,Greetings_2of2.zip,https://zenodo.org/api/records/4010759/files/Greetings_2of2.zip/content,val
Colours,55. White,Colours/55. White/MVI_3891.MOV,True,Colours_2of2.zip,https://zenodo.org/api/records/4010759/files/Colours_2of2.zip/content,train
Colours,55. White,Colours/55. White/MVI_5062.MOV,True,Colours_2of2.zip,https://zenodo.org/api/records/4010759/files/Colours_2of2.zip/content,train
Colours,55. White,Colours/55. White/MVI_3743.MOV,True,Colours_2of2.zip,https://zenodo.org/api/records/4010759/files/Colours_2of2.zip/content,train
Colours,55. White,Colours/55. White/MVI_3890.MOV,True,Colours_2of2.zip,https://zenodo.org/api/records/4010759/files/Colours_2of2.zip/content,train
Colours,55. White,Colours/55. White/MVI_4923.MOV,True,Colours_2of2.zip,https://zenodo.org/api/records/4010759/files/Colours_2of2.zip/content,train
Colours,55. White,Colours/55. White/MVI_4042.MOV,True,Colours_2of2.zip,https://zenodo.org/api/records/4010759/files/Colours_2of2.zip/content,train
Colours,55. White,Colours/55. White/MVI_4044.MOV,True,Colours_2of2.zip,https://zenodo.org/api/records/4010759/files/Colours_2of2.zip/content,train
Colours,55. White,Colours/55. White/MVI_4216.MOV,True,Colours_2of2.zip,https://zenodo.org/api/records/4010759/files/Colours_2of2.zip/content,train
Colours,55. White,Colours/55. White/MVI_4043.MOV,True,Colours_2of2.zip,https://zenodo.org/api/records/4010759/files/Colours_2of2.zip/content,train
Colours,55. White,Colours/55. White/MVI_5209.MOV,True,Colours_2of2.zip,https://zenodo.org/api/records/4010759/files/Colours_2of2.zip/content,train
Colours,55. White,Colours/55. White/MVI_4921.MOV,True,Colours_2of2.zip,https://zenodo.org/api/records/4010759/files/Colours_2of2.zip/content,val
Colours,55. White,Colours/55. White/MVI_5211.MOV,True,Colours_2of2.zip,https://zenodo.org/api/records/4010759/files/Colours_2of2.zip/content,val
Colours,55. White,Colours/55. White/MVI_8620.MP4,True,Colours_2of2.zip,https://zenodo.org/api/records/4010759/files/Colours_2of2.zip/content,val
People,61. Father,People/61. Father/MVI_4940.MOV,True,People_1of5.zip,https://zenodo.org/api/records/4010759/files/People_1of5.zip/content,train
People,61. Father,People/61. Father/MVI_4062.MOV,True,People_1of5.zip,https://zenodo.org/api/records/4010759/files/People_1of5.zip/content,train
People,61. Father,People/61. Father/MVI_5227.MOV,True,People_1of5.zip,https://zenodo.org/api/records/4010759/files/People_1of5.zip/content,train
People,61. Father,People/61. Father/MVI_5229.MOV,True,People_1of5.zip,https://zenodo.org/api/records/4010759/files/People_1of5.zip/content,train
People,61. Father,People/61. Father/MVI_3764.MOV,True,People_1of5.zip,https://zenodo.org/api/records/4010759/files/People_1of5.zip/content,train
People,61. Father,People/61. Father/MVI_5081.MOV,True,People_1of5.zip,https://zenodo.org/api/records/4010759/files/People_1of5.zip/content,train
People,61. Father,People/61. Father/MVI_5082.MOV,True,People_1of5.zip,https://zenodo.org/api/records/4010759/files/People_1of5.zip/content,train
People,61. Father,People/61. Father/MVI_4060.MOV,True,People_1of5.zip,https://zenodo.org/api/records/4010759/files/People_1of5.zip/content,train
People,61. Father,People/61. Father/MVI_3763.MOV,True,People_1of5.zip,https://zenodo.org/api/records/4010759/files/People_1of5.zip/content,train
People,61. Father,People/61. Father/MVI_3765.MOV,True,People_1of5.zip,https://zenodo.org/api/records/4010759/files/People_1of5.zip/content,train
People,61. Father,People/61. Father/MVI_4942.MOV,True,People_1of5.zip,https://zenodo.org/api/records/4010759/files/People_1of5.zip/content,val
People,61. Father,People/61. Father/MVI_5080.MOV,True,People_1of5.zip,https://zenodo.org/api/records/4010759/files/People_1of5.zip/content,val
People,61. Father,People/61. Father/MVI_4061.MOV,True,People_1of5.zip,https://zenodo.org/api/records/4010759/files/People_1of5.zip/content,val
Seasons,61. Summer,Seasons/61. Summer/MVI_9122.MP4,True,Seasons_1of1.zip,https://zenodo.org/api/records/4010759/files/Seasons_1of1.zip/content,train
Seasons,61. Summer,Seasons/61. Summer/MVI_4992.MOV,True,Seasons_1of1.zip,https://zenodo.org/api/records/4010759/files/Seasons_1of1.zip/content,train
Seasons,61. Summer,Seasons/61. Summer/MVI_5424.MOV,True,Seasons_1of1.zip,https://zenodo.org/api/records/4010759/files/Seasons_1of1.zip/content,train
Seasons,61. Summer,Seasons/61. Summer/MVI_4990.MOV,True,Seasons_1of1.zip,https://zenodo.org/api/records/4010759/files/Seasons_1of1.zip/content,train
Seasons,61. Summer,Seasons/61. Summer/MVI_5421.MOV,True,Seasons_1of1.zip,https://zenodo.org/api/records/4010759/files/Seasons_1of1.zip/content,train
Seasons,61. Summer,Seasons/61. Summer/MVI_5420.MOV,True,Seasons_1of1.zip,https://zenodo.org/api/records/4010759/files/Seasons_1of1.zip/content,train
Seasons,61. Summer,Seasons/61. Summer/MVI_9124.MP4,True,Seasons_1of1.zip,https://zenodo.org/api/records/4010759/files/Seasons_1of1.zip/content,train
Seasons,61. Summer,Seasons/61. Summer/MVI_4568.MOV,True,Seasons_1of1.zip,https://zenodo.org/api/records/4010759/files/Seasons_1of1.zip/content,train
Seasons,61. Summer,Seasons/61. Summer/MVI_4565.MOV,True,Seasons_1of1.zip,https://zenodo.org/api/records/4010759/files/Seasons_1of1.zip/content,train
Seasons,61. Summer,Seasons/61. Summer/MVI_4567.MOV,True,Seasons_1of1.zip,https://zenodo.org/api/records/4010759/files/Seasons_1of1.zip/content,train
Seasons,61. Summer,Seasons/61. Summer/MVI_4991.MOV,True,Seasons_1of1.zip,https://zenodo.org/api/records/4010759/files/Seasons_1of1.zip/content,val
Seasons,61. Summer,Seasons/61. Summer/MVI_9123.MP4,True,Seasons_1of1.zip,https://zenodo.org/api/records/4010759/files/Seasons_1of1.zip/content,val
Seasons,61. Summer,Seasons/61. Summer/MVI_4566.MOV,True,Seasons_1of1.zip,https://zenodo.org/api/records/4010759/files/Seasons_1of1.zip/content,val
Seasons,64. Fall,Seasons/64. Fall/MVI_9134.MP4,True,Seasons_1of1.zip,https://zenodo.org/api/records/4010759/files/Seasons_1of1.zip/content,train
Seasons,64. Fall,Seasons/64. Fall/MVI_5435.MOV,True,Seasons_1of1.zip,https://zenodo.org/api/records/4010759/files/Seasons_1of1.zip/content,train
Seasons,64. Fall,Seasons/64. Fall/MVI_4580.MOV,True,Seasons_1of1.zip,https://zenodo.org/api/records/4010759/files/Seasons_1of1.zip/content,train
Seasons,64. Fall,Seasons/64. Fall/MVI_4578.MOV,True,Seasons_1of1.zip,https://zenodo.org/api/records/4010759/files/Seasons_1of1.zip/content,train
Seasons,64. Fall,Seasons/64. Fall/MVI_4999.MOV,True,Seasons_1of1.zip,https://zenodo.org/api/records/4010759/files/Seasons_1of1.zip/content,train
Seasons,64. Fall,Seasons/64. Fall/MVI_9133.MP4,True,Seasons_1of1.zip,https://zenodo.org/api/records/4010759/files/Seasons_1of1.zip/content,train
Seasons,64. Fall,Seasons/64. Fall/MVI_9135.MP4,True,Seasons_1of1.zip,https://zenodo.org/api/records/4010759/files/Seasons_1of1.zip/content,train
Seasons,64. Fall,Seasons/64. Fall/MVI_5436.MOV,True,Seasons_1of1.zip,https://zenodo.org/api/records/4010759/files/Seasons_1of1.zip/content,train
Seasons,64. Fall,Seasons/64. Fall/MVI_9132.MP4,True,Seasons_1of1.zip,https://zenodo.org/api/records/4010759/files/Seasons_1of1.zip/content,train
Seasons,64. Fall,Seasons/64. Fall/MVI_4577.MOV,True,Seasons_1of1.zip,https://zenodo.org/api/records/4010759/files/Seasons_1of1.zip/content,train
Seasons,64. Fall,Seasons/64. Fall/MVI_5434.MOV,True,Seasons_1of1.zip,https://zenodo.org/api/records/4010759/files/Seasons_1of1.zip/content,val
Seasons,64. Fall,Seasons/64. Fall/MVI_5000.MOV,True,Seasons_1of1.zip,https://zenodo.org/api/records/4010759/files/Seasons_1of1.zip/content,val
Seasons,64. Fall,Seasons/64. Fall/MVI_4579.MOV,True,Seasons_1of1.zip,https://zenodo.org/api/records/4010759/files/Seasons_1of1.zip/content,val
People,66. Brother,People/66. Brother/MVI_8631.MP4,True,People_2of5.zip,https://zenodo.org/api/records/4010759/files/People_2of5.zip/content,train
People,66. Brother,People/66. Brother/MVI_3781.MOV,True,People_2of5.zip,https://zenodo.org/api/records/4010759/files/People_2of5.zip/content,train
People,66. Brother,People/66. Brother/MVI_4956.MOV,True,People_2of5.zip,https://zenodo.org/api/records/4010759/files/People_2of5.zip/content,train
People,66. Brother,People/66. Brother/MVI_4075.MOV,True,People_2of5.zip,https://zenodo.org/api/records/4010759/files/People_2of5.zip/content,train
People,66. Brother,People/66. Brother/MVI_5244.MOV,True,People_2of5.zip,https://zenodo.org/api/records/4010759/files/People_2of5.zip/content,train
People,66. Brother,People/66. Brother/MVI_3929.MOV,True,People_2of5.zip,https://zenodo.org/api/records/4010759/files/People_2of5.zip/content,train
People,66. Brother,People/66. Brother/MVI_3780.MOV,True,People_2of5.zip,https://zenodo.org/api/records/4010759/files/People_2of5.zip/content,train
People,66. Brother,People/66. Brother/MVI_4955.MOV,True,People_2of5.zip,https://zenodo.org/api/records/4010759/files/People_2of5.zip/content,train
People,66. Brother,People/66. Brother/MVI_3927.MOV,True,People_2of5.zip,https://zenodo.org/api/records/4010759/files/People_2of5.zip/content,train
People,66. Brother,People/66. Brother/MVI_4077.MOV,True,People_2of5.zip,https://zenodo.org/api/records/4010759/files/People_2of5.zip/content,train
People,66. Brother,People/66. Brother/MVI_4230.MOV,True,People_2of5.zip,https://zenodo.org/api/records/4010759/files/People_2of5.zip/content,val
People,66. Brother,People/66. Brother/MVI_3928.MOV,True,People_2of5.zip,https://zenodo.org/api/records/4010759/files/People_2of5.zip/content,val
People,66. Brother,People/66. Brother/MVI_3779.MOV,True,People_2of5.zip,https://zenodo.org/api/records/4010759/files/People_2of5.zip/content,val
Days_and_Time,67. Monday,Days_and_Time/67. Monday/MVI_5447.MOV,True,Days_and_Time_1of3.zip,https://zenodo.org/api/records/4010759/files/Days_and_Time_1of3.zip/content,train
Days_and_Time,67. Monday,Days_and_Time/67. Monday/MVI_4592.MOV,True,Days_and_Time_1of3.zip,https://zenodo.org/api/records/4010759/files/Days_and_Time_1of3.zip/content,train
Days_and_Time,67. Monday,Days_and_Time/67. Monday/MVI_5449.MOV,True,Days_and_Time_1of3.zip,https://zenodo.org/api/records/4010759/files/Days_and_Time_1of3.zip/content,train
Days_and_Time,67. Monday,Days_and_Time/67. Monday/MVI_9144.MP4,True,Days_and_Time_1of3.zip,https://zenodo.org/api/records/4010759/files/Days_and_Time_1of3.zip/content,train
Days_and_Time,67. Monday,Days_and_Time/67. Monday/MVI_9142.MP4,True,Days_and_Time_1of3.zip,https://zenodo.org/api/records/4010759/files/Days_and_Time_1of3.zip/content,train
Days_and_Time,67. Monday,Days_and_Time/67. Monday/MVI_5009.MOV,True,Days_and_Time_1of3.zip,https://zenodo.org/api/records/4010759/files/Days_and_Time_1of3.zip/content,train
Days_and_Time,67. Monday,Days_and_Time/67. Monday/MVI_4594.MOV,True,Days_and_Time_1of3.zip,https://zenodo.org/api/records/4010759/files/Days_and_Time_1of3.zip/content,train
Days_and_Time,67. Monday,Days_and_Time/67. Monday/MVI_4593.MOV,True,Days_and_Time_1of3.zip,https://zenodo.org/api/records/4010759/files/Days_and_Time_1of3.zip/content,train
Days_and_Time,67. Monday,Days_and_Time/67. Monday/MVI_5446.MOV,True,Days_and_Time_1of3.zip,https://zenodo.org/api/records/4010759/files/Days_and_Time_1of3.zip/content,train
Days_and_Time,67. Monday,Days_and_Time/67. Monday/MVI_5011.MOV,True,Days_and_Time_1of3.zip,https://zenodo.org/api/records/4010759/files/Days_and_Time_1of3.zip/content,train
Days_and_Time,67. Monday,Days_and_Time/67. Monday/MVI_4591.MOV,True,Days_and_Time_1of3.zip,https://zenodo.org/api/records/4010759/files/Days_and_Time_1of3.zip/content,val
Days_and_Time,67. Monday,Days_and_Time/67. Monday/MVI_5010.MOV,True,Days_and_Time_1of3.zip,https://zenodo.org/api/records/4010759/files/Days_and_Time_1of3.zip/content,val
Days_and_Time,67. Monday,Days_and_Time/67. Monday/MVI_9143.MP4,True,Days_and_Time_1of3.zip,https://zenodo.org/api/records/4010759/files/Days_and_Time_1of3.zip/content,val
People,77. Boy,People/77. Boy/MVI_3814.MOV,True,People_4of5.zip,https://zenodo.org/api/records/4010759/files/People_4of5.zip/content,train
People,77. Boy,People/77. Boy/MVI_4981.MOV,True,People_4of5.zip,https://zenodo.org/api/records/4010759/files/People_4of5.zip/content,train
People,77. Boy,People/77. Boy/MVI_4242.MOV,True,People_4of5.zip,https://zenodo.org/api/records/4010759/files/People_4of5.zip/content,train
People,77. Boy,People/77. Boy/MVI_3816.MOV,True,People_4of5.zip,https://zenodo.org/api/records/4010759/files/People_4of5.zip/content,train
People,77. Boy,People/77. Boy/MVI_4983.MOV,True,People_4of5.zip,https://zenodo.org/api/records/4010759/files/People_4of5.zip/content,train
People,77. Boy,People/77. Boy/MVI_5134.MOV,True,People_4of5.zip,https://zenodo.org/api/records/4010759/files/People_4of5.zip/content,train
People,77. Boy,People/77. Boy/MVI_5285.MOV,True,People_4of5.zip,https://zenodo.org/api/records/4010759/files/People_4of5.zip/content,train
People,77. Boy,People/77. Boy/MVI_4112.MOV,True,People_4of5.zip,https://zenodo.org/api/records/4010759/files/People_4of5.zip/content,train
People,77. Boy,People/77. Boy/MVI_4111.MOV,True,People_4of5.zip,https://zenodo.org/api/records/4010759/files/People_4of5.zip/content,train
People,77. Boy,People/77. Boy/MVI_8644.MP4,True,People_4of5.zip,https://zenodo.org/api/records/4010759/files/People_4of5.zip/content,train
People,77. Boy,People/77. Boy/MVI_5286.MOV,True,People_4of5.zip,https://zenodo.org/api/records/4010759/files/People_4of5.zip/content,val
People,77. Boy,People/77. Boy/MVI_3964.MOV,True,People_4of5.zip,https://zenodo.org/api/records/4010759/files/People_4of5.zip/content,val
People,77. Boy,People/77. Boy/MVI_5287.MOV,True,People_4of5.zip,https://zenodo.org/api/records/4010759/files/People_4of5.zip/content,val
People,78. Girl,People/78. Girl/MVI_4243.MOV,True,People_4of5.zip,https://zenodo.org/api/records/4010759/files/People_4of5.zip/content,train
People,78. Girl,People/78. Girl/MVI_3818.MOV,True,People_4of5.zip,https://zenodo.org/api/records/4010759/files/People_4of5.zip/content,train
People,78. Girl,People/78. Girl/MVI_5135.MOV,True,People_4of5.zip,https://zenodo.org/api/records/4010759/files/People_4of5.zip/content,train
People,78. Girl,People/78. Girl/MVI_3965.MOV,True,People_4of5.zip,https://zenodo.org/api/records/4010759/files/People_4of5.zip/content,train
People,78. Girl,People/78. Girl/MVI_3817.MOV,True,People_4of5.zip,https://zenodo.org/api/records/4010759/files/People_4of5.zip/content,train
People,78. Girl,People/78. Girl/MVI_5137.MOV,True,People_4of5.zip,https://zenodo.org/api/records/4010759/files/People_4of5.zip/content,train
People,78. Girl,People/78. Girl/MVI_4985.MOV,True,People_4of5.zip,https://zenodo.org/api/records/4010759/files/People_4of5.zip/content,train
People,78. Girl,People/78. Girl/MVI_4114.MOV,True,People_4of5.zip,https://zenodo.org/api/records/4010759/files/People_4of5.zip/content,train
People,78. Girl,People/78. Girl/MVI_4984.MOV,True,People_4of5.zip,https://zenodo.org/api/records/4010759/files/People_4of5.zip/content,train
People,78. Girl,People/78. Girl/MVI_8645.MP4,True,People_4of5.zip,https://zenodo.org/api/records/4010759/files/People_4of5.zip/content,train
People,78. Girl,People/78. Girl/MVI_4113.MOV,True,People_4of5.zip,https://zenodo.org/api/records/4010759/files/People_4of5.zip/content,val
People,78. Girl,People/78. Girl/MVI_5136.MOV,True,People_4of5.zip,https://zenodo.org/api/records/4010759/files/People_4of5.zip/content,val
People,78. Girl,People/78. Girl/MVI_5288.MOV,True,People_4of5.zip,https://zenodo.org/api/records/4010759/files/People_4of5.zip/content,val
Days_and_Time,78. Year,Days_and_Time/78. Year/MVI_4636.MOV,True,Days_and_Time_2of3.zip,https://zenodo.org/api/records/4010759/files/Days_and_Time_2of3.zip/content,train
Days_and_Time,78. Year,Days_and_Time/78. Year/MVI_4637.MOV,True,Days_and_Time_2of3.zip,https://zenodo.org/api/records/4010759/files/Days_and_Time_2of3.zip/content,train
Days_and_Time,78. Year,Days_and_Time/78. Year/MVI_5491.MOV,True,Days_and_Time_2of3.zip,https://zenodo.org/api/records/4010759/files/Days_and_Time_2of3.zip/content,train
Days_and_Time,78. Year,Days_and_Time/78. Year/MVI_9177.MP4,True,Days_and_Time_2of3.zip,https://zenodo.org/api/records/4010759/files/Days_and_Time_2of3.zip/content,train
Days_and_Time,78. Year,Days_and_Time/78. Year/MVI_5047.MOV,True,Days_and_Time_2of3.zip,https://zenodo.org/api/records/4010759/files/Days_and_Time_2of3.zip/content,train
Days_and_Time,78. Year,Days_and_Time/78. Year/MVI_5494.MOV,True,Days_and_Time_2of3.zip,https://zenodo.org/api/records/4010759/files/Days_and_Time_2of3.zip/content,train
Days_and_Time,78. Year,Days_and_Time/78. Year/MVI_5048.MOV,True,Days_and_Time_2of3.zip,https://zenodo.org/api/records/4010759/files/Days_and_Time_2of3.zip/content,train
Days_and_Time,78. Year,Days_and_Time/78. Year/MVI_9176.MP4,True,Days_and_Time_2of3.zip,https://zenodo.org/api/records/4010759/files/Days_and_Time_2of3.zip/content,train
Days_and_Time,78. Year,Days_and_Time/78. Year/MVI_5049.MOV,True,Days_and_Time_2of3.zip,https://zenodo.org/api/records/4010759/files/Days_and_Time_2of3.zip/content,train
Days_and_Time,78. Year,Days_and_Time/78. Year/MVI_9178.MP4,True,Days_and_Time_2of3.zip,https://zenodo.org/api/records/4010759/files/Days_and_Time_2of3.zip/content,train
Days_and_Time,78. Year,Days_and_Time/78. Year/MVI_4638.MOV,True,Days_and_Time_2of3.zip,https://zenodo.org/api/records/4010759/files/Days_and_Time_2of3.zip/content,val
Days_and_Time,78. Year,Days_and_Time/78. Year/MVI_4635.MOV,True,Days_and_Time_2of3.zip,https://zenodo.org/api/records/4010759/files/Days_and_Time_2of3.zip/content,val
Days_and_Time,78. Year,Days_and_Time/78. Year/MVI_5493.MOV,True,Days_and_Time_2of3.zip,https://zenodo.org/api/records/4010759/files/Days_and_Time_2of3.zip/content,val
Adjectives,78. long,Adjectives/78. long/MVI_5186.MOV,True,Adjectives_4of8.zip,https://zenodo.org/api/records/4010759/files/Adjectives_4of8.zip/content,train
Adjectives,78. long,Adjectives/78. long/MVI_5268.MOV,True,Adjectives_4of8.zip,https://zenodo.org/api/records/4010759/files/Adjectives_4of8.zip/content,train
Adjectives,78. long,Adjectives/78. long/MVI_9219.MOV,True,Adjectives_4of8.zip,https://zenodo.org/api/records/4010759/files/Adjectives_4of8.zip/content,train
Adjectives,78. long,Adjectives/78. long/MVI_5108.MOV,True,Adjectives_4of8.zip,https://zenodo.org/api/records/4010759/files/Adjectives_4of8.zip/content,train
Adjectives,78. long,Adjectives/78. long/MVI_9378.MOV,True,Adjectives_4of8.zip,https://zenodo.org/api/records/4010759/files/Adjectives_4of8.zip/content,train
Adjectives,78. long,Adjectives/78. long/MVI_5187.MOV,True,Adjectives_4of8.zip,https://zenodo.org/api/records/4010759/files/Adjectives_4of8.zip/content,train
Adjectives,78. long,Adjectives/78. long/MVI_9459.MOV,True,Adjectives_4of8.zip,https://zenodo.org/api/records/4010759/files/Adjectives_4of8.zip/content,train
Adjectives,78. long,Adjectives/78. long/MVI_5188.MOV,True,Adjectives_4of8.zip,https://zenodo.org/api/records/4010759/files/Adjectives_4of8.zip/content,train
Adjectives,78. long,Adjectives/78. long/MVI_5106.MOV,True,Adjectives_4of8.zip,https://zenodo.org/api/records/4010759/files/Adjectives_4of8.zip/content,train
Adjectives,78. long,Adjectives/78. long/MVI_9300.MOV,True,Adjectives_4of8.zip,https://zenodo.org/api/records/4010759/files/Adjectives_4of8.zip/content,train
Adjectives,78. long,Adjectives/78. long/MVI_9458.MOV,True,Adjectives_4of8.zip,https://zenodo.org/api/records/4010759/files/Adjectives_4of8.zip/content,val
Adjectives,78. long,Adjectives/78. long/MVI_5266.MOV,True,Adjectives_4of8.zip,https://zenodo.org/api/records/4010759/files/Adjectives_4of8.zip/content,val
Adjectives,78. long,Adjectives/78. long/MVI_9217.MOV,True,Adjectives_4of8.zip,https://zenodo.org/api/records/4010759/files/Adjectives_4of8.zip/content,val
Adjectives,79. short,Adjectives/79. short/MVI_9380.MOV,True,Adjectives_4of8.zip,https://zenodo.org/api/records/4010759/files/Adjectives_4of8.zip/content,train
Adjectives,79. short,Adjectives/79. short/MVI_5110.MOV,True,Adjectives_4of8.zip,https://zenodo.org/api/records/4010759/files/Adjectives_4of8.zip/content,train
Adjectives,79. short,Adjectives/79. short/MVI_9461.MOV,True,Adjectives_4of8.zip,https://zenodo.org/api/records/4010759/files/Adjectives_4of8.zip/content,train
Adjectives,79. short,Adjectives/79. short/MVI_5270.MOV,True,Adjectives_4of8.zip,https://zenodo.org/api/records/4010759/files/Adjectives_4of8.zip/content,train
Adjectives,79. short,Adjectives/79. short/MVI_5269.MOV,True,Adjectives_4of8.zip,https://zenodo.org/api/records/4010759/files/Adjectives_4of8.zip/content,train
Adjectives,79. short,Adjectives/79. short/MVI_5271.MOV,True,Adjectives_4of8.zip,https://zenodo.org/api/records/4010759/files/Adjectives_4of8.zip/content,train
Adjectives,79. short,Adjectives/79. short/MVI_5112.MOV,True,Adjectives_4of8.zip,https://zenodo.org/api/records/4010759/files/Adjectives_4of8.zip/content,train
Adjectives,79. short,Adjectives/79. short/MVI_9303.MOV,True,Adjectives_4of8.zip,https://zenodo.org/api/records/4010759/files/Adjectives_4of8.zip/content,train
Adjectives,79. short,Adjectives/79. short/MVI_9220.MOV,True,Adjectives_4of8.zip,https://zenodo.org/api/records/4010759/files/Adjectives_4of8.zip/content,train
Adjectives,79. short,Adjectives/79. short/MVI_9462.MOV,True,Adjectives_4of8.zip,https://zenodo.org/api/records/4010759/files/Adjectives_4of8.zip/content,train
Adjectives,79. short,Adjectives/79. short/MVI_9382.MOV,True,Adjectives_4of8.zip,https://zenodo.org/api/records/4010759/files/Adjectives_4of8.zip/content,val
Adjectives,79. short,Adjectives/79. short/MVI_9301.MOV,True,Adjectives_4of8.zip,https://zenodo.org/api/records/4010759/files/Adjectives_4of8.zip/content,val
Adjectives,79. short,Adjectives/79. short/MVI_9222.MOV,True,Adjectives_4of8.zip,https://zenodo.org/api/records/4010759/files/Adjectives_4of8.zip/content,val
Adjectives,83. big large,Adjectives/83. big large/MVI_5204.MOV,True,Adjectives_5of8.zip,https://zenodo.org/api/records/4010759/files/Adjectives_5of8.zip/content,train
Adjectives,83. big large,Adjectives/83. big large/MVI_5123.MOV,True,Adjectives_5of8.zip,https://zenodo.org/api/records/4010759/files/Adjectives_5of8.zip/content,train
Adjectives,83. big large,Adjectives/83. big large/MVI_9477.MOV,True,Adjectives_5of8.zip,https://zenodo.org/api/records/4010759/files/Adjectives_5of8.zip/content,train
Adjectives,83. big large,Adjectives/83. big large/MVI_9317.MOV,True,Adjectives_5of8.zip,https://zenodo.org/api/records/4010759/files/Adjectives_5of8.zip/content,train
Adjectives,83. big large,Adjectives/83. big large/MVI_9233.MOV,True,Adjectives_5of8.zip,https://zenodo.org/api/records/4010759/files/Adjectives_5of8.zip/content,train
Adjectives,83. big large,Adjectives/83. big large/MVI_9475.MOV,True,Adjectives_5of8.zip,https://zenodo.org/api/records/4010759/files/Adjectives_5of8.zip/content,train
Adjectives,83. big large,Adjectives/83. big large/MVI_9234.MOV,True,Adjectives_5of8.zip,https://zenodo.org/api/records/4010759/files/Adjectives_5of8.zip/content,train
Adjectives,83. big large,Adjectives/83. big large/MVI_9235.MOV,True,Adjectives_5of8.zip,https://zenodo.org/api/records/4010759/files/Adjectives_5of8.zip/content,train
Adjectives,83. big large,Adjectives/83. big large/MVI_5283.MOV,True,Adjectives_5of8.zip,https://zenodo.org/api/records/4010759/files/Adjectives_5of8.zip/content,train
Adjectives,83. big large,Adjectives/83. big large/MVI_5203.MOV,True,Adjectives_5of8.zip,https://zenodo.org/api/records/4010759/files/Adjectives_5of8.zip/content,train
Adjectives,83. big large,Adjectives/83. big large/MVI_5284.MOV,True,Adjectives_5of8.zip,https://zenodo.org/api/records/4010759/files/Adjectives_5of8.zip/content,val
Adjectives,83. big large,Adjectives/83. big large/MVI_5205.MOV,True,Adjectives_5of8.zip,https://zenodo.org/api/records/4010759/files/Adjectives_5of8.zip/content,val
Adjectives,83. big large,Adjectives/83. big large/MVI_9395.MOV,True,Adjectives_5of8.zip,https://zenodo.org/api/records/4010759/files/Adjectives_5of8.zip/content,val
Jobs,84. Teacher,Jobs/84. Teacher/MVI_4460.MOV,True,Jobs_1of2.zip,https://zenodo.org/api/records/4010759/files/Jobs_1of2.zip/content,train
Jobs,84. Teacher,Jobs/84. Teacher/MVI_5310.MOV,True,Jobs_1of2.zip,https://zenodo.org/api/records/4010759/files/Jobs_1of2.zip/content,train
Jobs,84. Teacher,Jobs/84. Teacher/MVI_8866.MP4,True,Jobs_1of2.zip,https://zenodo.org/api/records/4010759/files/Jobs_1of2.zip/content,train
Jobs,84. Teacher,Jobs/84. Teacher/MVI_5311.MOV,True,Jobs_1of2.zip,https://zenodo.org/api/records/4010759/files/Jobs_1of2.zip/content,train
Jobs,84. Teacher,Jobs/84. Teacher/MVI_5312.MOV,True,Jobs_1of2.zip,https://zenodo.org/api/records/4010759/files/Jobs_1of2.zip/content,train
Jobs,84. Teacher,Jobs/84. Teacher/MVI_4459.MOV,True,Jobs_1of2.zip,https://zenodo.org/api/records/4010759/files/Jobs_1of2.zip/content,train
Jobs,84. Teacher,Jobs/84. Teacher/MVI_4744.MOV,True,Jobs_1of2.zip,https://zenodo.org/api/records/4010759/files/Jobs_1of2.zip/content,train
Jobs,84. Teacher,Jobs/84. Teacher/MVI_4457.MOV,True,Jobs_1of2.zip,https://zenodo.org/api/records/4010759/files/Jobs_1of2.zip/content,train
Jobs,84. Teacher,Jobs/84. Teacher/MVI_8865.MP4,True,Jobs_1of2.zip,https://zenodo.org/api/records/4010759/files/Jobs_1of2.zip/content,train
Jobs,84. Teacher,Jobs/84. Teacher/MVI_4458.MOV,True,Jobs_1of2.zip,https://zenodo.org/api/records/4010759/files/Jobs_1of2.zip/content,train
Jobs,84. Teacher,Jobs/84. Teacher/MVI_5313.MOV,True,Jobs_1of2.zip,https://zenodo.org/api/records/4010759/files/Jobs_1of2.zip/content,val
Jobs,84. Teacher,Jobs/84. Teacher/MVI_8864.MP4,True,Jobs_1of2.zip,https://zenodo.org/api/records/4010759/files/Jobs_1of2.zip/content,val
Jobs,84. Teacher,Jobs/84. Teacher/MVI_4746.MOV,True,Jobs_1of2.zip,https://zenodo.org/api/records/4010759/files/Jobs_1of2.zip/content,val
Adjectives,84. small little,Adjectives/84. small little/MVI_9236.MOV,True,Adjectives_5of8.zip,https://zenodo.org/api/records/4010759/files/Adjectives_5of8.zip/content,train
Adjectives,84. small little,Adjectives/84. small little/MVI_5126.MOV,True,Adjectives_5of8.zip,https://zenodo.org/api/records/4010759/files/Adjectives_5of8.zip/content,train
Adjectives,84. small little,Adjectives/84. small little/MVI_9400.MOV,True,Adjectives_5of8.zip,https://zenodo.org/api/records/4010759/files/Adjectives_5of8.zip/content,train
Adjectives,84. small little,Adjectives/84. small little/MVI_5287.MOV,True,Adjectives_5of8.zip,https://zenodo.org/api/records/4010759/files/Adjectives_5of8.zip/content,train
Adjectives,84. small little,Adjectives/84. small little/MVI_9479.MOV,True,Adjectives_5of8.zip,https://zenodo.org/api/records/4010759/files/Adjectives_5of8.zip/content,train
Adjectives,84. small little,Adjectives/84. small little/MVI_5127.MOV,True,Adjectives_5of8.zip,https://zenodo.org/api/records/4010759/files/Adjectives_5of8.zip/content,train
Adjectives,84. small little,Adjectives/84. small little/MVI_5286.MOV,True,Adjectives_5of8.zip,https://zenodo.org/api/records/4010759/files/Adjectives_5of8.zip/content,train
Adjectives,84. small little,Adjectives/84. small little/MVI_5207.MOV,True,Adjectives_5of8.zip,https://zenodo.org/api/records/4010759/files/Adjectives_5of8.zip/content,train
Adjectives,84. small little,Adjectives/84. small little/MVI_9320.MOV,True,Adjectives_5of8.zip,https://zenodo.org/api/records/4010759/files/Adjectives_5of8.zip/content,train
Adjectives,84. small little,Adjectives/84. small little/MVI_5206.MOV,True,Adjectives_5of8.zip,https://zenodo.org/api/records/4010759/files/Adjectives_5of8.zip/content,train
Adjectives,84. small little,Adjectives/84. small little/MVI_5288.MOV,True,Adjectives_5of8.zip,https://zenodo.org/api/records/4010759/files/Adjectives_5of8.zip/content,val
Adjectives,84. small little,Adjectives/84. small little/MVI_9321.MOV,True,Adjectives_5of8.zip,https://zenodo.org/api/records/4010759/files/Adjectives_5of8.zip/content,val
Adjectives,84. small little,Adjectives/84. small little/MVI_9397.MOV,True,Adjectives_5of8.zip,https://zenodo.org/api/records/4010759/files/Adjectives_5of8.zip/content,val
Days_and_Time,86. Time,Days_and_Time/86. Time/MVI_9202.MP4,True,Days_and_Time_3of3.zip,https://zenodo.org/api/records/4010759/files/Days_and_Time_3of3.zip/content,train
Days_and_Time,86. Time,Days_and_Time/86. Time/MVI_5527.MOV,True,Days_and_Time_3of3.zip,https://zenodo.org/api/records/4010759/files/Days_and_Time_3of3.zip/content,train
Days_and_Time,86. Time,Days_and_Time/86. Time/MVI_5524.MOV,True,Days_and_Time_3of3.zip,https://zenodo.org/api/records/4010759/files/Days_and_Time_3of3.zip/content,train
Days_and_Time,86. Time,Days_and_Time/86. Time/MVI_5525.MOV,True,Days_and_Time_3of3.zip,https://zenodo.org/api/records/4010759/files/Days_and_Time_3of3.zip/content,train
Days_and_Time,86. Time,Days_and_Time/86. Time/MVI_5078.MOV,True,Days_and_Time_3of3.zip,https://zenodo.org/api/records/4010759/files/Days_and_Time_3of3.zip/content,train
Days_and_Time,86. Time,Days_and_Time/86. Time/MVI_9203.MP4,True,Days_and_Time_3of3.zip,https://zenodo.org/api/records/4010759/files/Days_and_Time_3of3.zip/content,train
Days_and_Time,86. Time,Days_and_Time/86. Time/MVI_5079.MOV,True,Days_and_Time_3of3.zip,https://zenodo.org/api/records/4010759/files/Days_and_Time_3of3.zip/content,train
Days_and_Time,86. Time,Days_and_Time/86. Time/MVI_4667.MOV,True,Days_and_Time_3of3.zip,https://zenodo.org/api/records/4010759/files/Days_and_Time_3of3.zip/content,train
Days_and_Time,86. Time,Days_and_Time/86. Time/MVI_5077.MOV,True,Days_and_Time_3of3.zip,https://zenodo.org/api/records/4010759/files/Days_and_Time_3of3.zip/content,train
Days_and_Time,86. Time,Days_and_Time/86. Time/MVI_4668.MOV,True,Days_and_Time_3of3.zip,https://zenodo.org/api/records/4010759/files/Days_and_Time_3of3.zip/content,train
Days_and_Time,86. Time,Days_and_Time/86. Time/MVI_9201.MP4,True,Days_and_Time_3of3.zip,https://zenodo.org/api/records/4010759/files/Days_and_Time_3of3.zip/content,val
Days_and_Time,86. Time,Days_and_Time/86. Time/MVI_5526.MOV,True,Days_and_Time_3of3.zip,https://zenodo.org/api/records/4010759/files/Days_and_Time_3of3.zip/content,val
Days_and_Time,86. Time,Days_and_Time/86. Time/MVI_4670.MOV,True,Days_and_Time_3of3.zip,https://zenodo.org/api/records/4010759/files/Days_and_Time_3of3.zip/content,val
Adjectives,87. hot,Adjectives/87. hot/MVI_5136.MOV,True,Adjectives_6of8.zip,https://zenodo.org/api/records/4010759/files/Adjectives_6of8.zip/content,train
Adjectives,87. hot,Adjectives/87. hot/MVI_9408.MOV,True,Adjectives_6of8.zip,https://zenodo.org/api/records/4010759/files/Adjectives_6of8.zip/content,train
Adjectives,87. hot,Adjectives/87. hot/MVI_9489.MOV,True,Adjectives_6of8.zip,https://zenodo.org/api/records/4010759/files/Adjectives_6of8.zip/content,train
Adjectives,87. hot,Adjectives/87. hot/MVI_9409.MOV,True,Adjectives_6of8.zip,https://zenodo.org/api/records/4010759/files/Adjectives_6of8.zip/content,train
Adjectives,87. hot,Adjectives/87. hot/MVI_9488.MOV,True,Adjectives_6of8.zip,https://zenodo.org/api/records/4010759/files/Adjectives_6of8.zip/content,train
Adjectives,87. hot,Adjectives/87. hot/MVI_5296.MOV,True,Adjectives_6of8.zip,https://zenodo.org/api/records/4010759/files/Adjectives_6of8.zip/content,train
Adjectives,87. hot,Adjectives/87. hot/MVI_9330.MOV,True,Adjectives_6of8.zip,https://zenodo.org/api/records/4010759/files/Adjectives_6of8.zip/content,train
Adjectives,87. hot,Adjectives/87. hot/MVI_5217.MOV,True,Adjectives_6of8.zip,https://zenodo.org/api/records/4010759/files/Adjectives_6of8.zip/content,train
Adjectives,87. hot,Adjectives/87. hot/MVI_5216.MOV,True,Adjectives_6of8.zip,https://zenodo.org/api/records/4010759/files/Adjectives_6of8.zip/content,train
Adjectives,87. hot,Adjectives/87. hot/MVI_9487.MOV,True,Adjectives_6of8.zip,https://zenodo.org/api/records/4010759/files/Adjectives_6of8.zip/content,train
Adjectives,87. hot,Adjectives/87. hot/MVI_9247.MOV,True,Adjectives_6of8.zip,https://zenodo.org/api/records/4010759/files/Adjectives_6of8.zip/content,val
Adjectives,87. hot,Adjectives/87. hot/MVI_9328.MOV,True,Adjectives_6of8.zip,https://zenodo.org/api/records/4010759/files/Adjectives_6of8.zip/content,val
Adjectives,87. hot,Adjectives/87. hot/MVI_5218.MOV,True,Adjectives_6of8.zip,https://zenodo.org/api/records/4010759/files/Adjectives_6of8.zip/content,val
Jobs,91. Priest,Jobs/91. Priest/MVI_5343.MOV,True,Jobs_1of2.zip,https://zenodo.org/api/records/4010759/files/Jobs_1of2.zip/content,train
Jobs,91. Priest,Jobs/91. Priest/MVI_4770.MOV,True,Jobs_1of2.zip,https://zenodo.org/api/records/4010759/files/Jobs_1of2.zip/content,train
Jobs,91. Priest,Jobs/91. Priest/MVI_5345.MOV,True,Jobs_1of2.zip,https://zenodo.org/api/records/4010759/files/Jobs_1of2.zip/content,train
Jobs,91. Priest,Jobs/91. Priest/MVI_4486.MOV,True,Jobs_1of2.zip,https://zenodo.org/api/records/4010759/files/Jobs_1of2.zip/content,train
Jobs,91. Priest,Jobs/91. Priest/MVI_4489.MOV,True,Jobs_1of2.zip,https://zenodo.org/api/records/4010759/files/Jobs_1of2.zip/content,train
Jobs,91. Priest,Jobs/91. Priest/MVI_4490.MOV,True,Jobs_1of2.zip,https://zenodo.org/api/records/4010759/files/Jobs_1of2.zip/content,train
Jobs,91. Priest,Jobs/91. Priest/MVI_8889.MP4,True,Jobs_1of2.zip,https://zenodo.org/api/records/4010759/files/Jobs_1of2.zip/content,train
Jobs,91. Priest,Jobs/91. Priest/MVI_8887.MP4,True,Jobs_1of2.zip,https://zenodo.org/api/records/4010759/files/Jobs_1of2.zip/content,train
Jobs,91. Priest,Jobs/91. Priest/MVI_4772.MOV,True,Jobs_1of2.zip,https://zenodo.org/api/records/4010759/files/Jobs_1of2.zip/content,train
Jobs,91. Priest,Jobs/91. Priest/MVI_4488.MOV,True,Jobs_1of2.zip,https://zenodo.org/api/records/4010759/files/Jobs_1of2.zip/content,train
Jobs,91. Priest,Jobs/91. Priest/MVI_5342.MOV,True,Jobs_1of2.zip,https://zenodo.org/api/records/4010759/files/Jobs_1of2.zip/content,val
Jobs,91. Priest,Jobs/91. Priest/MVI_4771.MOV,True,Jobs_1of2.zip,https://zenodo.org/api/records/4010759/files/Jobs_1of2.zip/content,val
Jobs,91. Priest,Jobs/91. Priest/MVI_5344.MOV,True,Jobs_1of2.zip,https://zenodo.org/api/records/4010759/files/Jobs_1of2.zip/content,val
Adjectives,91. new,Adjectives/91. new/MVI_9502.MOV,True,Adjectives_6of8.zip,https://zenodo.org/api/records/4010759/files/Adjectives_6of8.zip/content,train
Adjectives,91. new,Adjectives/91. new/MVI_5229.MOV,True,Adjectives_6of8.zip,https://zenodo.org/api/records/4010759/files/Adjectives_6of8.zip/content,train
Adjectives,91. new,Adjectives/91. new/MVI_5308.MOV,True,Adjectives_6of8.zip,https://zenodo.org/api/records/4010759/files/Adjectives_6of8.zip/content,train
Adjectives,91. new,Adjectives/91. new/MVI_9421.MOV,True,Adjectives_6of8.zip,https://zenodo.org/api/records/4010759/files/Adjectives_6of8.zip/content,train
Adjectives,91. new,Adjectives/91. new/MVI_9341.MOV,True,Adjectives_6of8.zip,https://zenodo.org/api/records/4010759/files/Adjectives_6of8.zip/content,train
Adjectives,91. new,Adjectives/91. new/MVI_5230.MOV,True,Adjectives_6of8.zip,https://zenodo.org/api/records/4010759/files/Adjectives_6of8.zip/content,train
Adjectives,91. new,Adjectives/91. new/MVI_9500.MOV,True,Adjectives_6of8.zip,https://zenodo.org/api/records/4010759/files/Adjectives_6of8.zip/content,train
Adjectives,91. new,Adjectives/91. new/MVI_5151.MOV,True,Adjectives_6of8.zip,https://zenodo.org/api/records/4010759/files/Adjectives_6of8.zip/content,train
Adjectives,91. new,Adjectives/91. new/MVI_9340.MOV,True,Adjectives_6of8.zip,https://zenodo.org/api/records/4010759/files/Adjectives_6of8.zip/content,train
Adjectives,91. new,Adjectives/91. new/MVI_5150.MOV,True,Adjectives_6of8.zip,https://zenodo.org/api/records/4010759/files/Adjectives_6of8.zip/content,train
Adjectives,91. new,Adjectives/91. new/MVI_5309.MOV,True,Adjectives_6of8.zip,https://zenodo.org/api/records/4010759/files/Adjectives_6of8.zip/content,val
Adjectives,91. new,Adjectives/91. new/MVI_9342.MOV,True,Adjectives_6of8.zip,https://zenodo.org/api/records/4010759/files/Adjectives_6of8.zip/content,val
Adjectives,91. new,Adjectives/91. new/MVI_9501.MOV,True,Adjectives_6of8.zip,https://zenodo.org/api/records/4010759/files/Adjectives_6of8.zip/content,val
Adjectives,94. good,Adjectives/94. good/MVI_5240.MOV,True,Adjectives_7of8.zip,https://zenodo.org/api/records/4010759/files/Adjectives_7of8.zip/content,train
Adjectives,94. good,Adjectives/94. good/MVI_9511.MOV,True,Adjectives_7of8.zip,https://zenodo.org/api/records/4010759/files/Adjectives_7of8.zip/content,train
Adjectives,94. good,Adjectives/94. good/MVI_9510.MOV,True,Adjectives_7of8.zip,https://zenodo.org/api/records/4010759/files/Adjectives_7of8.zip/content,train
Adjectives,94. good,Adjectives/94. good/MVI_9432.MOV,True,Adjectives_7of8.zip,https://zenodo.org/api/records/4010759/files/Adjectives_7of8.zip/content,train
Adjectives,94. good,Adjectives/94. good/MVI_5318.MOV,True,Adjectives_7of8.zip,https://zenodo.org/api/records/4010759/files/Adjectives_7of8.zip/content,train
Adjectives,94. good,Adjectives/94. good/MVI_9430.MOV,True,Adjectives_7of8.zip,https://zenodo.org/api/records/4010759/files/Adjectives_7of8.zip/content,train
Adjectives,94. good,Adjectives/94. good/MVI_9431.MOV,True,Adjectives_7of8.zip,https://zenodo.org/api/records/4010759/files/Adjectives_7of8.zip/content,train
Adjectives,94. good,Adjectives/94. good/MVI_5160.MOV,True,Adjectives_7of8.zip,https://zenodo.org/api/records/4010759/files/Adjectives_7of8.zip/content,train
Adjectives,94. good,Adjectives/94. good/MVI_9268.MOV,True,Adjectives_7of8.zip,https://zenodo.org/api/records/4010759/files/Adjectives_7of8.zip/content,train
Adjectives,94. good,Adjectives/94. good/MVI_5158.MOV,True,Adjectives_7of8.zip,https://zenodo.org/api/records/4010759/files/Adjectives_7of8.zip/content,train
Adjectives,94. good,Adjectives/94. good/MVI_9349.MOV,True,Adjectives_7of8.zip,https://zenodo.org/api/records/4010759/files/Adjectives_7of8.zip/content,val
Adjectives,94. good,Adjectives/94. good/MVI_5316.MOV,True,Adjectives_7of8.zip,https://zenodo.org/api/records/4010759/files/Adjectives_7of8.zip/content,val
Adjectives,94. good,Adjectives/94. good/MVI_5239.MOV,True,Adjectives_7of8.zip,https://zenodo.org/api/records/4010759/files/Adjectives_7of8.zip/content,val
Adjectives,97. dry,Adjectives/97. dry/MVI_5328.MOV,True,Adjectives_8of8.zip,https://zenodo.org/api/records/4010759/files/Adjectives_8of8.zip/content,train
Adjectives,97. dry,Adjectives/97. dry/MVI_5168.MOV,True,Adjectives_8of8.zip,https://zenodo.org/api/records/4010759/files/Adjectives_8of8.zip/content,train
Adjectives,97. dry,Adjectives/97. dry/MVI_9278.MOV,True,Adjectives_8of8.zip,https://zenodo.org/api/records/4010759/files/Adjectives_8of8.zip/content,train
Adjectives,97. dry,Adjectives/97. dry/MVI_9523.MOV,True,Adjectives_8of8.zip,https://zenodo.org/api/records/4010759/files/Adjectives_8of8.zip/content,train
Adjectives,97. dry,Adjectives/97. dry/MVI_9439.MOV,True,Adjectives_8of8.zip,https://zenodo.org/api/records/4010759/files/Adjectives_8of8.zip/content,train
Adjectives,97. dry,Adjectives/97. dry/MVI_9360.MOV,True,Adjectives_8of8.zip,https://zenodo.org/api/records/4010759/files/Adjectives_8of8.zip/content,train
Adjectives,97. dry,Adjectives/97. dry/MVI_9521.MOV,True,Adjectives_8of8.zip,https://zenodo.org/api/records/4010759/files/Adjectives_8of8.zip/content,train
Adjectives,97. dry,Adjectives/97. dry/MVI_5327.MOV,True,Adjectives_8of8.zip,https://zenodo.org/api/records/4010759/files/Adjectives_8of8.zip/content,train
Adjectives,97. dry,Adjectives/97. dry/MVI_5249.MOV,True,Adjectives_8of8.zip,https://zenodo.org/api/records/4010759/files/Adjectives_8of8.zip/content,train
Adjectives,97. dry,Adjectives/97. dry/MVI_9359.MOV,True,Adjectives_8of8.zip,https://zenodo.org/api/records/4010759/files/Adjectives_8of8.zip/content,train
Adjectives,97. dry,Adjectives/97. dry/MVI_5167.MOV,True,Adjectives_8of8.zip,https://zenodo.org/api/records/4010759/files/Adjectives_8of8.zip/content,val
Adjectives,97. dry,Adjectives/97. dry/MVI_5326.MOV,True,Adjectives_8of8.zip,https://zenodo.org/api/records/4010759/files/Adjectives_8of8.zip/content,val
Adjectives,97. dry,Adjectives/97. dry/MVI_9522.MOV,True,Adjectives_8of8.zip,https://zenodo.org/api/records/4010759/files/Adjectives_8of8.zip/content,val
